"Gene Symbol","p-value","FDR","Odd ratio","Number of interactions","microRNA"
"AAR2","0.0182","0.111","0.0182","1","hsa-miR-29b-3p"
"ABCB6","0.00455","0.111","0.00455","1","hsa-miR-29b-3p"
"ACPL2","0.0318","0.111","0.0318","1","hsa-miR-29b-3p"
"ACTN2","0.0273","0.111","0.0273","1","hsa-miR-29b-3p"
"ADA","0.0136","0.111","0.0136","1","hsa-miR-29b-3p"
"ADAMTS10","0.0273","0.111","0.0273","1","hsa-miR-29b-3p"
"ADAMTS2","0.0318","0.111","0.0318","1","hsa-miR-29b-3p"
"ADAMTS7","0.00455","0.111","0.00455","1","hsa-miR-29b-3p"
"AGPAT4","0.0273","0.111","0.0273","1","hsa-miR-29b-3p"
"AIM1","0.0136","0.111","0.0136","1","hsa-miR-29b-3p"
"AK1","0.0136","0.111","0.0136","1","hsa-miR-29b-3p"
"ALKBH6","0.00909","0.111","0.00909","1","hsa-miR-29b-3p"
"AP5S1","0.0227","0.111","0.0227","1","hsa-miR-29b-3p"
"APLNR","0.0136","0.111","0.0136","1","hsa-miR-29b-3p"
"AQP4","0.0318","0.111","0.0318","1","hsa-miR-29b-3p"
"ARF5","0.00455","0.111","0.00455","1","hsa-miR-29b-3p"
"ARHGEF10","0.0273","0.111","0.0273","1","hsa-miR-29b-3p"
"ARHGEF4","0.0273","0.111","0.0273","1","hsa-miR-29b-3p"
"ARRDC4","0.0318","0.111","0.0318","1","hsa-miR-29b-3p"
"ARSB","0.0318","0.111","0.0318","1","hsa-miR-29b-3p"
"ARVCF","0.0136","0.111","0.0136","1","hsa-miR-29b-3p"
"ASAP2","0.0318","0.111","0.0318","1","hsa-miR-29b-3p"
"BBS1","0.00455","0.111","0.00455","1","hsa-miR-29b-3p"
"BDKRB2","0.00455","0.111","0.00455","1","hsa-miR-29b-3p"
"BLMH","0.0227","0.111","0.0227","1","hsa-miR-29b-3p"
"BMP1","0.00909","0.111","0.00909","1","hsa-miR-29b-3p"
"BSND","0.0318","0.111","0.0318","1","hsa-miR-29b-3p"
"C17orf103","0.0318","0.111","0.0318","1","hsa-miR-29b-3p"
"C18orf42","0.00909","0.111","0.00909","1","hsa-miR-29b-3p"
"C1orf226","0.0273","0.111","0.0273","1","hsa-miR-29b-3p"
"C1QTNF6","0.00455","0.111","0.00455","1","hsa-miR-29b-3p"
"C5orf15","0.0318","0.111","0.0318","1","hsa-miR-29b-3p"
"C7orf73","0.0182","0.111","0.0182","1","hsa-miR-29b-3p"
"CA3","0.00909","0.111","0.00909","1","hsa-miR-29b-3p"
"CACFD1","0.0273","0.111","0.0273","1","hsa-miR-29b-3p"
"CACNA1A","0.0318","0.111","0.0318","1","hsa-miR-29b-3p"
"CACNG4","0.0318","0.111","0.0318","1","hsa-miR-29b-3p"
"CASP7","0.0182","0.111","0.0182","1","hsa-miR-29b-3p"
"CCDC28B","0.0182","0.111","0.0182","1","hsa-miR-29b-3p"
"CCNL2","0.0318","0.111","0.0318","1","hsa-miR-29b-3p"
"CD276","0.0227","0.111","0.0227","1","hsa-miR-29b-3p"
"CDC7","0.0227","0.111","0.0227","1","hsa-miR-29b-3p"
"CDCA4","0.0227","0.111","0.0227","1","hsa-miR-29b-3p"
"CDKL2","0.0273","0.111","0.0273","1","hsa-miR-29b-3p"
"CERS1","0.0136","0.111","0.0136","1","hsa-miR-29b-3p"
"CHFR","0.0227","0.111","0.0227","1","hsa-miR-29b-3p"
"CHMP6","0.00455","0.111","0.00455","1","hsa-miR-29b-3p"
"CILP2","0.00455","0.111","0.00455","1","hsa-miR-29b-3p"
"CLDN1","0.0273","0.111","0.0273","1","hsa-miR-29b-3p"
"CLEC2L","0.00455","0.111","0.00455","1","hsa-miR-29b-3p"
"CLK2","0.0136","0.111","0.0136","1","hsa-miR-29b-3p"
"CNOT8","0.0273","0.111","0.0273","1","hsa-miR-29b-3p"
"COL11A1","0.0227","0.111","0.0227","1","hsa-miR-29b-3p"
"COL15A1","0.0136","0.111","0.0136","1","hsa-miR-29b-3p"
"COL16A1","0.0136","0.111","0.0136","1","hsa-miR-29b-3p"
"COL1A2","0.0318","0.111","0.0318","1","hsa-miR-29b-3p"
"COL21A1","0.0273","0.111","0.0273","1","hsa-miR-29b-3p"
"COL22A1","0.0227","0.111","0.0227","1","hsa-miR-29b-3p"
"COL2A1","0.0182","0.111","0.0182","1","hsa-miR-29b-3p"
"COL3A1","0.0227","0.111","0.0227","1","hsa-miR-29b-3p"
"COL4A2","0.0182","0.111","0.0182","1","hsa-miR-29b-3p"
"COL4A5","0.0182","0.111","0.0182","1","hsa-miR-29b-3p"
"COL4A6","0.0227","0.111","0.0227","1","hsa-miR-29b-3p"
"COL5A2","0.0182","0.111","0.0182","1","hsa-miR-29b-3p"
"COL5A3","0.0318","0.111","0.0318","1","hsa-miR-29b-3p"
"COL6A2","0.00455","0.111","0.00455","1","hsa-miR-29b-3p"
"COL6A3","0.0182","0.111","0.0182","1","hsa-miR-29b-3p"
"COL6A6","0.0273","0.111","0.0273","1","hsa-miR-29b-3p"
"COL7A1","0.0182","0.111","0.0182","1","hsa-miR-29b-3p"
"COMMD2","0.00909","0.111","0.00909","1","hsa-miR-29b-3p"
"CPS1","0.0136","0.111","0.0136","1","hsa-miR-29b-3p"
"CRELD1","0.0273","0.111","0.0273","1","hsa-miR-29b-3p"
"CSGALNACT2","0.0273","0.111","0.0273","1","hsa-miR-29b-3p"
"CSPG4","0.00455","0.111","0.00455","1","hsa-miR-29b-3p"
"CTC1","0.0227","0.111","0.0227","1","hsa-miR-29b-3p"
"CTPS1","0.0182","0.111","0.0182","1","hsa-miR-29b-3p"
"CTSF","0.0136","0.111","0.0136","1","hsa-miR-29b-3p"
"CUEDC1","0.0227","0.111","0.0227","1","hsa-miR-29b-3p"
"CX3CL1","0.0136","0.111","0.0136","1","hsa-miR-29b-3p"
"CYCS","0.0273","0.111","0.0273","1","hsa-miR-29b-3p"
"DCAF12L1","0.0227","0.111","0.0227","1","hsa-miR-29b-3p"
"DCLK3","0.0318","0.111","0.0318","1","hsa-miR-29b-3p"
"DDX11","0.0273","0.111","0.0273","1","hsa-miR-29b-3p"
"DDX46","0.0273","0.111","0.0273","1","hsa-miR-29b-3p"
"DGKD","0.0273","0.111","0.0273","1","hsa-miR-29b-3p"
"DHTKD1","0.0182","0.111","0.0182","1","hsa-miR-29b-3p"
"DIABLO","0.00455","0.111","0.00455","1","hsa-miR-29b-3p"
"DNAJB11","0.00455","0.111","0.00455","1","hsa-miR-29b-3p"
"DNMT3B","0.0182","0.111","0.0182","1","hsa-miR-29b-3p"
"DPP4","0.0136","0.111","0.0136","1","hsa-miR-29b-3p"
"DSC2","0.0182","0.111","0.0182","1","hsa-miR-29b-3p"
"DSG3","0.0227","0.111","0.0227","1","hsa-miR-29b-3p"
"DTWD2","0.0182","0.111","0.0182","1","hsa-miR-29b-3p"
"DUSP22","0.0227","0.111","0.0227","1","hsa-miR-29b-3p"
"DYNLT1","0.00909","0.111","0.00909","1","hsa-miR-29b-3p"
"EHD2","0.0182","0.111","0.0182","1","hsa-miR-29b-3p"
"EIF4E2","0.00455","0.111","0.00455","1","hsa-miR-29b-3p"
"EMP1","0.0318","0.111","0.0318","1","hsa-miR-29b-3p"
"EN1","0.0273","0.111","0.0273","1","hsa-miR-29b-3p"
"ENHO","0.0136","0.111","0.0136","1","hsa-miR-29b-3p"
"ENPP2","0.0182","0.111","0.0182","1","hsa-miR-29b-3p"
"ENPP3","0.00455","0.111","0.00455","1","hsa-miR-29b-3p"
"EPHB3","0.0227","0.111","0.0227","1","hsa-miR-29b-3p"
"ERCC6","0.0227","0.111","0.0227","1","hsa-miR-29b-3p"
"ETV4","0.00455","0.111","0.00455","1","hsa-miR-29b-3p"
"FAM101B","0.0227","0.111","0.0227","1","hsa-miR-29b-3p"
"FAM109B","0.0136","0.111","0.0136","1","hsa-miR-29b-3p"
"FAM136A","0.0273","0.111","0.0273","1","hsa-miR-29b-3p"
"FAM3C","0.0318","0.111","0.0318","1","hsa-miR-29b-3p"
"FAM57B","0.0318","0.111","0.0318","1","hsa-miR-29b-3p"
"FBXL18","0.0182","0.111","0.0182","1","hsa-miR-29b-3p"
"FBXW9","0.00455","0.111","0.00455","1","hsa-miR-29b-3p"
"FCHO1","0.00909","0.111","0.00909","1","hsa-miR-29b-3p"
"FEM1A","0.00455","0.111","0.00455","1","hsa-miR-29b-3p"
"FOSL1","0.0318","0.111","0.0318","1","hsa-miR-29b-3p"
"FRAT2","0.0227","0.111","0.0227","1","hsa-miR-29b-3p"
"FREM1","0.0227","0.111","0.0227","1","hsa-miR-29b-3p"
"FTCD","0.0318","0.111","0.0318","1","hsa-miR-29b-3p"
"G6PC","0.0227","0.111","0.0227","1","hsa-miR-29b-3p"
"GAS2L3","0.0273","0.111","0.0273","1","hsa-miR-29b-3p"
"GEMIN2","0.00455","0.111","0.00455","1","hsa-miR-29b-3p"
"GGCT","0.00455","0.111","0.00455","1","hsa-miR-29b-3p"
"GLB1L","0.0318","0.111","0.0318","1","hsa-miR-29b-3p"
"GLYCTK","0.0318","0.111","0.0318","1","hsa-miR-29b-3p"
"GPATCH2","0.0182","0.111","0.0182","1","hsa-miR-29b-3p"
"GPX7","0.00909","0.111","0.00909","1","hsa-miR-29b-3p"
"GSTA4","0.00909","0.111","0.00909","1","hsa-miR-29b-3p"
"GTPBP2","0.0273","0.111","0.0273","1","hsa-miR-29b-3p"
"H2AFX","0.0318","0.111","0.0318","1","hsa-miR-29b-3p"
"HAPLN3","0.00455","0.111","0.00455","1","hsa-miR-29b-3p"
"HIST1H2BF","0.0136","0.111","0.0136","1","hsa-miR-29b-3p"
"HMCN1","0.0136","0.111","0.0136","1","hsa-miR-29b-3p"
"HN1","0.0318","0.111","0.0318","1","hsa-miR-29b-3p"
"HOXC13","0.0273","0.111","0.0273","1","hsa-miR-29b-3p"
"HTR6","0.0136","0.111","0.0136","1","hsa-miR-29b-3p"
"HTR7","0.0182","0.111","0.0182","1","hsa-miR-29b-3p"
"ICOS","0.0273","0.111","0.0273","1","hsa-miR-29b-3p"
"ID1","0.0182","0.111","0.0182","1","hsa-miR-29b-3p"
"IFFO1","0.0227","0.111","0.0227","1","hsa-miR-29b-3p"
"IFI30","0.00455","0.111","0.00455","1","hsa-miR-29b-3p"
"IFNG","0.0182","0.111","0.0182","1","hsa-miR-29b-3p"
"IGSF1","0.0318","0.111","0.0318","1","hsa-miR-29b-3p"
"IL10RB","0.00909","0.111","0.00909","1","hsa-miR-29b-3p"
"IL1RAP","0.0318","0.111","0.0318","1","hsa-miR-29b-3p"
"IL5RA","0.0182","0.111","0.0182","1","hsa-miR-29b-3p"
"IMPDH1","0.0182","0.111","0.0182","1","hsa-miR-29b-3p"
"INA","0.0273","0.111","0.0273","1","hsa-miR-29b-3p"
"INSRR","0.00909","0.111","0.00909","1","hsa-miR-29b-3p"
"ISG20L2","0.0227","0.111","0.0227","1","hsa-miR-29b-3p"
"ISLR2","0.0182","0.111","0.0182","1","hsa-miR-29b-3p"
"ITGB1","0.0227","0.111","0.0227","1","hsa-miR-29b-3p"
"KCNIP2","0.0227","0.111","0.0227","1","hsa-miR-29b-3p"
"KCNRG","0.0318","0.111","0.0318","1","hsa-miR-29b-3p"
"KCNV1","0.0318","0.111","0.0318","1","hsa-miR-29b-3p"
"KCTD1","0.0273","0.111","0.0273","1","hsa-miR-29b-3p"
"KCTD5","0.0182","0.111","0.0182","1","hsa-miR-29b-3p"
"KDELC1","0.0136","0.111","0.0136","1","hsa-miR-29b-3p"
"KDM4B","0.0273","0.111","0.0273","1","hsa-miR-29b-3p"
"KIAA0895","0.0318","0.111","0.0318","1","hsa-miR-29b-3p"
"KIAA0895L","0.0318","0.111","0.0318","1","hsa-miR-29b-3p"
"KIF26A","0.0273","0.111","0.0273","1","hsa-miR-29b-3p"
"KLHDC3","0.0182","0.111","0.0182","1","hsa-miR-29b-3p"
"KLHL25","0.0136","0.111","0.0136","1","hsa-miR-29b-3p"
"KNOP1","0.0182","0.111","0.0182","1","hsa-miR-29b-3p"
"L3MBTL4","0.0318","0.111","0.0318","1","hsa-miR-29b-3p"
"LAMA2","0.00455","0.111","0.00455","1","hsa-miR-29b-3p"
"LAMTOR1","0.0227","0.111","0.0227","1","hsa-miR-29b-3p"
"LDOC1L","0.0273","0.111","0.0273","1","hsa-miR-29b-3p"
"LEPRE1","0.0273","0.111","0.0273","1","hsa-miR-29b-3p"
"LGI3","0.00909","0.111","0.00909","1","hsa-miR-29b-3p"
"LGSN","0.0273","0.111","0.0273","1","hsa-miR-29b-3p"
"LOXL2","0.0182","0.111","0.0182","1","hsa-miR-29b-3p"
"LOXL4","0.0318","0.111","0.0318","1","hsa-miR-29b-3p"
"LPL","0.00909","0.111","0.00909","1","hsa-miR-29b-3p"
"LRPAP1","0.00455","0.111","0.00455","1","hsa-miR-29b-3p"
"LRRC28","0.0318","0.111","0.0318","1","hsa-miR-29b-3p"
"LTBR","0.00455","0.111","0.00455","1","hsa-miR-29b-3p"
"LYSMD1","0.0182","0.111","0.0182","1","hsa-miR-29b-3p"
"MAP6D1","0.00909","0.111","0.00909","1","hsa-miR-29b-3p"
"MARK3","0.0273","0.111","0.0273","1","hsa-miR-29b-3p"
"MAT1A","0.00909","0.111","0.00909","1","hsa-miR-29b-3p"
"MAZ","0.0273","0.111","0.0273","1","hsa-miR-29b-3p"
"MEGF6","0.00909","0.111","0.00909","1","hsa-miR-29b-3p"
"MEST","0.0136","0.111","0.0136","1","hsa-miR-29b-3p"
"MFAP2","0.0273","0.111","0.0273","1","hsa-miR-29b-3p"
"MGAT4B","0.0273","0.111","0.0273","1","hsa-miR-29b-3p"
"MIF4GD","0.0318","0.111","0.0318","1","hsa-miR-29b-3p"
"MLF1","0.0182","0.111","0.0182","1","hsa-miR-29b-3p"
"MLIP","0.0136","0.111","0.0136","1","hsa-miR-29b-3p"
"MLLT11","0.00909","0.111","0.00909","1","hsa-miR-29b-3p"
"MMP2","0.0182","0.111","0.0182","1","hsa-miR-29b-3p"
"MOB1A","0.0318","0.111","0.0318","1","hsa-miR-29b-3p"
"MOG","0.0318","0.111","0.0318","1","hsa-miR-29b-3p"
"MOSPD2","0.0318","0.111","0.0318","1","hsa-miR-29b-3p"
"MPZL3","0.0227","0.111","0.0227","1","hsa-miR-29b-3p"
"MRTO4","0.00455","0.111","0.00455","1","hsa-miR-29b-3p"
"MSTN","0.0136","0.111","0.0136","1","hsa-miR-29b-3p"
"MYBL2","0.0182","0.111","0.0182","1","hsa-miR-29b-3p"
"MYL6","0.00455","0.111","0.00455","1","hsa-miR-29b-3p"
"MYO16","0.0182","0.111","0.0182","1","hsa-miR-29b-3p"
"NAA10","0.0182","0.111","0.0182","1","hsa-miR-29b-3p"
"NAA60","0.0182","0.111","0.0182","1","hsa-miR-29b-3p"
"NANP","0.0227","0.111","0.0227","1","hsa-miR-29b-3p"
"NAPB","0.0273","0.111","0.0273","1","hsa-miR-29b-3p"
"NARF","0.0136","0.111","0.0136","1","hsa-miR-29b-3p"
"NASP","0.0227","0.111","0.0227","1","hsa-miR-29b-3p"
"NCKAP5L","0.0227","0.111","0.0227","1","hsa-miR-29b-3p"
"NCMAP","0.0227","0.111","0.0227","1","hsa-miR-29b-3p"
"NCOA4","0.0318","0.111","0.0318","1","hsa-miR-29b-3p"
"NDN","0.0273","0.111","0.0273","1","hsa-miR-29b-3p"
"NFATC4","0.0182","0.111","0.0182","1","hsa-miR-29b-3p"
"NGRN","0.0136","0.111","0.0136","1","hsa-miR-29b-3p"
"NIPSNAP3A","0.00455","0.111","0.00455","1","hsa-miR-29b-3p"
"NIPSNAP3B","0.0273","0.111","0.0273","1","hsa-miR-29b-3p"
"NIT2","0.00909","0.111","0.00909","1","hsa-miR-29b-3p"
"NLGN3","0.0227","0.111","0.0227","1","hsa-miR-29b-3p"
"NLRX1","0.00455","0.111","0.00455","1","hsa-miR-29b-3p"
"NPM3","0.00455","0.111","0.00455","1","hsa-miR-29b-3p"
"NRSN1","0.0227","0.111","0.0227","1","hsa-miR-29b-3p"
"NTNG2","0.00909","0.111","0.00909","1","hsa-miR-29b-3p"
"NUP160","0.00909","0.111","0.00909","1","hsa-miR-29b-3p"
"ORAI2","0.0182","0.111","0.0182","1","hsa-miR-29b-3p"
"OSTC","0.0182","0.111","0.0182","1","hsa-miR-29b-3p"
"OXTR","0.0136","0.111","0.0136","1","hsa-miR-29b-3p"
"P2RX5","0.0136","0.111","0.0136","1","hsa-miR-29b-3p"
"PALM","0.0227","0.111","0.0227","1","hsa-miR-29b-3p"
"PAQR6","0.00455","0.111","0.00455","1","hsa-miR-29b-3p"
"PARG","0.0318","0.111","0.0318","1","hsa-miR-29b-3p"
"PDGFB","0.0182","0.111","0.0182","1","hsa-miR-29b-3p"
"PDGFRB","0.0318","0.111","0.0318","1","hsa-miR-29b-3p"
"PER3","0.00909","0.111","0.00909","1","hsa-miR-29b-3p"
"PGAP2","0.0182","0.111","0.0182","1","hsa-miR-29b-3p"
"PHLDB3","0.00909","0.111","0.00909","1","hsa-miR-29b-3p"
"PIP5KL1","0.0318","0.111","0.0318","1","hsa-miR-29b-3p"
"PLCG2","0.0182","0.111","0.0182","1","hsa-miR-29b-3p"
"PLEKHF2","0.0318","0.111","0.0318","1","hsa-miR-29b-3p"
"PLGLB1","0.00455","0.111","0.00455","1","hsa-miR-29b-3p"
"PLGLB2","0.00455","0.111","0.00455","1","hsa-miR-29b-3p"
"PLP1","0.0136","0.111","0.0136","1","hsa-miR-29b-3p"
"PMP22","0.0182","0.111","0.0182","1","hsa-miR-29b-3p"
"POLE3","0.0136","0.111","0.0136","1","hsa-miR-29b-3p"
"POLR1D","0.0182","0.111","0.0182","1","hsa-miR-29b-3p"
"PPARD","0.0318","0.111","0.0318","1","hsa-miR-29b-3p"
"PPIC","0.0273","0.111","0.0273","1","hsa-miR-29b-3p"
"PPP1R13B","0.0273","0.111","0.0273","1","hsa-miR-29b-3p"
"PPP1R3D","0.0318","0.111","0.0318","1","hsa-miR-29b-3p"
"PRKRA","0.0136","0.111","0.0136","1","hsa-miR-29b-3p"
"PROM1","0.0136","0.111","0.0136","1","hsa-miR-29b-3p"
"PROSER1","0.0273","0.111","0.0273","1","hsa-miR-29b-3p"
"PRPH2","0.0182","0.111","0.0182","1","hsa-miR-29b-3p"
"PTRF","0.0182","0.111","0.0182","1","hsa-miR-29b-3p"
"R3HDM4","0.0136","0.111","0.0136","1","hsa-miR-29b-3p"
"RAB40C","0.0182","0.111","0.0182","1","hsa-miR-29b-3p"
"RAET1L","0.00455","0.111","0.00455","1","hsa-miR-29b-3p"
"RAP1GDS1","0.0318","0.111","0.0318","1","hsa-miR-29b-3p"
"RFESD","0.0227","0.111","0.0227","1","hsa-miR-29b-3p"
"RHBDD1","0.0136","0.111","0.0136","1","hsa-miR-29b-3p"
"RIC8A","0.00909","0.111","0.00909","1","hsa-miR-29b-3p"
"RLF","0.0273","0.111","0.0273","1","hsa-miR-29b-3p"
"RNF122","0.0136","0.111","0.0136","1","hsa-miR-29b-3p"
"RNF39","0.0136","0.111","0.0136","1","hsa-miR-29b-3p"
"RNPEPL1","0.0273","0.111","0.0273","1","hsa-miR-29b-3p"
"RPS15A","0.0227","0.111","0.0227","1","hsa-miR-29b-3p"
"SCN7A","0.0182","0.111","0.0182","1","hsa-miR-29b-3p"
"SCYL2","0.0273","0.111","0.0273","1","hsa-miR-29b-3p"
"SEMA5B","0.0227","0.111","0.0227","1","hsa-miR-29b-3p"
"SERPINH1","0.0318","0.111","0.0318","1","hsa-miR-29b-3p"
"SETDB1","0.00455","0.111","0.00455","1","hsa-miR-29b-3p"
"SETDB2","0.00455","0.111","0.00455","1","hsa-miR-29b-3p"
"SFTA3","0.0273","0.111","0.0273","1","hsa-miR-29b-3p"
"SFXN3","0.00909","0.111","0.00909","1","hsa-miR-29b-3p"
"SGCB","0.0318","0.111","0.0318","1","hsa-miR-29b-3p"
"SGK494","0.0318","0.111","0.0318","1","hsa-miR-29b-3p"
"SH3GLB2","0.0182","0.111","0.0182","1","hsa-miR-29b-3p"
"SHPRH","0.0136","0.111","0.0136","1","hsa-miR-29b-3p"
"SIAH3","0.0182","0.111","0.0182","1","hsa-miR-29b-3p"
"SIDT1","0.0136","0.111","0.0136","1","hsa-miR-29b-3p"
"SIKE1","0.0318","0.111","0.0318","1","hsa-miR-29b-3p"
"SLC22A7","0.0227","0.111","0.0227","1","hsa-miR-29b-3p"
"SLC25A22","0.0318","0.111","0.0318","1","hsa-miR-29b-3p"
"SLC25A29","0.0273","0.111","0.0273","1","hsa-miR-29b-3p"
"SLC25A44","0.0318","0.111","0.0318","1","hsa-miR-29b-3p"
"SLC25A45","0.00909","0.111","0.00909","1","hsa-miR-29b-3p"
"SLC3A1","0.00455","0.111","0.00455","1","hsa-miR-29b-3p"
"SLC43A1","0.0318","0.111","0.0318","1","hsa-miR-29b-3p"
"SLC5A8","0.00909","0.111","0.00909","1","hsa-miR-29b-3p"
"SLC6A14","0.0227","0.111","0.0227","1","hsa-miR-29b-3p"
"SMIM17","0.0273","0.111","0.0273","1","hsa-miR-29b-3p"
"SPATA2L","0.00455","0.111","0.00455","1","hsa-miR-29b-3p"
"SPNS1","0.00909","0.111","0.00909","1","hsa-miR-29b-3p"
"SPTAN1","0.00455","0.111","0.00455","1","hsa-miR-29b-3p"
"SRCRB4D","0.0136","0.111","0.0136","1","hsa-miR-29b-3p"
"STARD8","0.0227","0.111","0.0227","1","hsa-miR-29b-3p"
"STARD9","0.0182","0.111","0.0182","1","hsa-miR-29b-3p"
"STMN2","0.0318","0.111","0.0318","1","hsa-miR-29b-3p"
"STRN4","0.0273","0.111","0.0273","1","hsa-miR-29b-3p"
"SUV420H2","0.0318","0.111","0.0318","1","hsa-miR-29b-3p"
"SVIL","0.0182","0.111","0.0182","1","hsa-miR-29b-3p"
"TAF11","0.0182","0.111","0.0182","1","hsa-miR-29b-3p"
"TAF5","0.0273","0.111","0.0273","1","hsa-miR-29b-3p"
"TBC1D7","0.00455","0.111","0.00455","1","hsa-miR-29b-3p"
"TBX21","0.00455","0.111","0.00455","1","hsa-miR-29b-3p"
"TFAP2C","0.0273","0.111","0.0273","1","hsa-miR-29b-3p"
"TFEB","0.0318","0.111","0.0318","1","hsa-miR-29b-3p"
"TFEC","0.0182","0.111","0.0182","1","hsa-miR-29b-3p"
"THAP8","0.00455","0.111","0.00455","1","hsa-miR-29b-3p"
"THOC1","0.0273","0.111","0.0273","1","hsa-miR-29b-3p"
"THPO","0.0136","0.111","0.0136","1","hsa-miR-29b-3p"
"TIAF1","0.0273","0.111","0.0273","1","hsa-miR-29b-3p"
"TIGD5","0.0227","0.111","0.0227","1","hsa-miR-29b-3p"
"TIMM8B","0.0273","0.111","0.0273","1","hsa-miR-29b-3p"
"TMEM132A","0.00455","0.111","0.00455","1","hsa-miR-29b-3p"
"TMEM169","0.00909","0.111","0.00909","1","hsa-miR-29b-3p"
"TMEM179B","0.00455","0.111","0.00455","1","hsa-miR-29b-3p"
"TMEM183A","0.0273","0.111","0.0273","1","hsa-miR-29b-3p"
"TMEM234","0.0227","0.111","0.0227","1","hsa-miR-29b-3p"
"TMEM256-PLSCR3","0.0227","0.111","0.0227","1","hsa-miR-29b-3p"
"TMEM44","0.0227","0.111","0.0227","1","hsa-miR-29b-3p"
"TMPRSS3","0.00455","0.111","0.00455","1","hsa-miR-29b-3p"
"TNFRSF11A","0.0273","0.111","0.0273","1","hsa-miR-29b-3p"
"TNFRSF1A","0.00909","0.111","0.00909","1","hsa-miR-29b-3p"
"TPK1","0.0182","0.111","0.0182","1","hsa-miR-29b-3p"
"TPM1","0.0273","0.111","0.0273","1","hsa-miR-29b-3p"
"TRAF5","0.00455","0.111","0.00455","1","hsa-miR-29b-3p"
"TRAFD1","0.00909","0.111","0.00909","1","hsa-miR-29b-3p"
"TRIM63","0.0182","0.111","0.0182","1","hsa-miR-29b-3p"
"TRPC6","0.0136","0.111","0.0136","1","hsa-miR-29b-3p"
"TSFM","0.0227","0.111","0.0227","1","hsa-miR-29b-3p"
"TSPAN4","0.0273","0.111","0.0273","1","hsa-miR-29b-3p"
"TTC30B","0.00909","0.111","0.00909","1","hsa-miR-29b-3p"
"TTYH2","0.0227","0.111","0.0227","1","hsa-miR-29b-3p"
"TUBB2A","0.0136","0.111","0.0136","1","hsa-miR-29b-3p"
"TUBB2B","0.00455","0.111","0.00455","1","hsa-miR-29b-3p"
"UBIAD1","0.0318","0.111","0.0318","1","hsa-miR-29b-3p"
"UBTD1","0.0182","0.111","0.0182","1","hsa-miR-29b-3p"
"UBTF","0.0318","0.111","0.0318","1","hsa-miR-29b-3p"
"UNC13B","0.0182","0.111","0.0182","1","hsa-miR-29b-3p"
"UPK1B","0.00909","0.111","0.00909","1","hsa-miR-29b-3p"
"URB1","0.0227","0.111","0.0227","1","hsa-miR-29b-3p"
"URM1","0.0273","0.111","0.0273","1","hsa-miR-29b-3p"
"USP34","0.0318","0.111","0.0318","1","hsa-miR-29b-3p"
"VCPKMT","0.00455","0.111","0.00455","1","hsa-miR-29b-3p"
"VIPAS39","0.00909","0.111","0.00909","1","hsa-miR-29b-3p"
"VPS13A","0.0227","0.111","0.0227","1","hsa-miR-29b-3p"
"VPS25","0.00455","0.111","0.00455","1","hsa-miR-29b-3p"
"WASF1","0.0318","0.111","0.0318","1","hsa-miR-29b-3p"
"WDFY1","0.0318","0.111","0.0318","1","hsa-miR-29b-3p"
"WDR81","0.0227","0.111","0.0227","1","hsa-miR-29b-3p"
"WISP1","0.0318","0.111","0.0318","1","hsa-miR-29b-3p"
"XPNPEP1","0.00455","0.111","0.00455","1","hsa-miR-29b-3p"
"XXYLT1","0.0273","0.111","0.0273","1","hsa-miR-29b-3p"
"YBX3","0.0227","0.111","0.0227","1","hsa-miR-29b-3p"
"YRDC","0.0227","0.111","0.0227","1","hsa-miR-29b-3p"
"ZC4H2","0.0318","0.111","0.0318","1","hsa-miR-29b-3p"
"ZCCHC17","0.0182","0.111","0.0182","1","hsa-miR-29b-3p"
"ZFP36","0.00455","0.111","0.00455","1","hsa-miR-29b-3p"
"ZKSCAN3","0.0182","0.111","0.0182","1","hsa-miR-29b-3p"
"ZKSCAN4","0.0227","0.111","0.0227","1","hsa-miR-29b-3p"
"ZMYM3","0.0318","0.111","0.0318","1","hsa-miR-29b-3p"
"ZNF282","0.0273","0.111","0.0273","1","hsa-miR-29b-3p"
"ZNF852","0.00909","0.111","0.00909","1","hsa-miR-29b-3p"
"ZSCAN25","0.0227","0.111","0.0227","1","hsa-miR-29b-3p"
"AMFR","0.0364","0.113","0.0364","1","hsa-miR-29b-3p"
"ARHGAP36","0.0364","0.113","0.0364","1","hsa-miR-29b-3p"
"ATG9A","0.0364","0.113","0.0364","1","hsa-miR-29b-3p"
"ATP6V1A","0.0364","0.113","0.0364","1","hsa-miR-29b-3p"
"C9orf72","0.0364","0.113","0.0364","1","hsa-miR-29b-3p"
"CLPX","0.0364","0.113","0.0364","1","hsa-miR-29b-3p"
"COL24A1","0.0364","0.113","0.0364","1","hsa-miR-29b-3p"
"FAM124A","0.0364","0.113","0.0364","1","hsa-miR-29b-3p"
"FAM13B","0.0364","0.113","0.0364","1","hsa-miR-29b-3p"
"FAM193B","0.0364","0.113","0.0364","1","hsa-miR-29b-3p"
"FKBP14","0.0364","0.113","0.0364","1","hsa-miR-29b-3p"
"GPR50","0.0364","0.113","0.0364","1","hsa-miR-29b-3p"
"HDGF","0.0364","0.113","0.0364","1","hsa-miR-29b-3p"
"HEPACAM","0.0364","0.113","0.0364","1","hsa-miR-29b-3p"
"HIF3A","0.0364","0.113","0.0364","1","hsa-miR-29b-3p"
"IRGQ","0.0364","0.113","0.0364","1","hsa-miR-29b-3p"
"KCTD3","0.0364","0.113","0.0364","1","hsa-miR-29b-3p"
"KIAA0907","0.0364","0.113","0.0364","1","hsa-miR-29b-3p"
"KLHL8","0.0364","0.113","0.0364","1","hsa-miR-29b-3p"
"MAU2","0.0364","0.113","0.0364","1","hsa-miR-29b-3p"
"N4BP2L1","0.0364","0.113","0.0364","1","hsa-miR-29b-3p"
"NKAIN1","0.0364","0.113","0.0364","1","hsa-miR-29b-3p"
"NUDT11","0.0364","0.113","0.0364","1","hsa-miR-29b-3p"
"PEX5","0.0364","0.113","0.0364","1","hsa-miR-29b-3p"
"PGAP1","0.0364","0.113","0.0364","1","hsa-miR-29b-3p"
"PRRT4","0.0364","0.113","0.0364","1","hsa-miR-29b-3p"
"PTHLH","0.0364","0.113","0.0364","1","hsa-miR-29b-3p"
"PTPRK","0.0364","0.113","0.0364","1","hsa-miR-29b-3p"
"RAB12","0.0364","0.113","0.0364","1","hsa-miR-29b-3p"
"RGAG4","0.0364","0.113","0.0364","1","hsa-miR-29b-3p"
"RNF19A","0.0364","0.113","0.0364","1","hsa-miR-29b-3p"
"RRAS2","0.0364","0.113","0.0364","1","hsa-miR-29b-3p"
"SARM1","0.0364","0.113","0.0364","1","hsa-miR-29b-3p"
"SH3BP5L","0.0364","0.113","0.0364","1","hsa-miR-29b-3p"
"SH3RF3","0.0364","0.113","0.0364","1","hsa-miR-29b-3p"
"SHROOM2","0.0364","0.113","0.0364","1","hsa-miR-29b-3p"
"SLC25A15","0.0364","0.113","0.0364","1","hsa-miR-29b-3p"
"SMS","0.0364","0.113","0.0364","1","hsa-miR-29b-3p"
"SVEP1","0.0364","0.113","0.0364","1","hsa-miR-29b-3p"
"TMEM259","0.0364","0.113","0.0364","1","hsa-miR-29b-3p"
"TMUB2","0.0364","0.113","0.0364","1","hsa-miR-29b-3p"
"TRAF4","0.0364","0.113","0.0364","1","hsa-miR-29b-3p"
"TUBD1","0.0364","0.113","0.0364","1","hsa-miR-29b-3p"
"WSCD2","0.0364","0.113","0.0364","1","hsa-miR-29b-3p"
"ABHD4","0.0409","0.116","0.0409","1","hsa-miR-29b-3p"
"ADAMTS17","0.0409","0.116","0.0409","1","hsa-miR-29b-3p"
"ADAMTS9","0.0409","0.116","0.0409","1","hsa-miR-29b-3p"
"B3GNT5","0.0409","0.116","0.0409","1","hsa-miR-29b-3p"
"C4orf29","0.0409","0.116","0.0409","1","hsa-miR-29b-3p"
"CACNA1B","0.0409","0.116","0.0409","1","hsa-miR-29b-3p"
"CCSAP","0.0409","0.116","0.0409","1","hsa-miR-29b-3p"
"COL27A1","0.0409","0.116","0.0409","1","hsa-miR-29b-3p"
"COL4A3","0.0409","0.116","0.0409","1","hsa-miR-29b-3p"
"COL9A1","0.0409","0.116","0.0409","1","hsa-miR-29b-3p"
"CPSF7","0.0409","0.116","0.0409","1","hsa-miR-29b-3p"
"DUSP2","0.0409","0.116","0.0409","1","hsa-miR-29b-3p"
"ELN","0.0409","0.116","0.0409","1","hsa-miR-29b-3p"
"EMB","0.0409","0.116","0.0409","1","hsa-miR-29b-3p"
"EXOC7","0.0409","0.116","0.0409","1","hsa-miR-29b-3p"
"FAM105B","0.0409","0.116","0.0409","1","hsa-miR-29b-3p"
"FAM184B","0.0409","0.116","0.0409","1","hsa-miR-29b-3p"
"FMN1","0.0409","0.116","0.0409","1","hsa-miR-29b-3p"
"FOXJ2","0.0409","0.116","0.0409","1","hsa-miR-29b-3p"
"GOLGA7","0.0409","0.116","0.0409","1","hsa-miR-29b-3p"
"H2AFY","0.0409","0.116","0.0409","1","hsa-miR-29b-3p"
"KCNJ12","0.0409","0.116","0.0409","1","hsa-miR-29b-3p"
"LEP","0.0409","0.116","0.0409","1","hsa-miR-29b-3p"
"MED26","0.0409","0.116","0.0409","1","hsa-miR-29b-3p"
"METTL21B","0.0409","0.116","0.0409","1","hsa-miR-29b-3p"
"MMD2","0.0409","0.116","0.0409","1","hsa-miR-29b-3p"
"MRE11A","0.0409","0.116","0.0409","1","hsa-miR-29b-3p"
"NCOR2","0.0409","0.116","0.0409","1","hsa-miR-29b-3p"
"NID1","0.0409","0.116","0.0409","1","hsa-miR-29b-3p"
"PCDH9","0.0409","0.116","0.0409","1","hsa-miR-29b-3p"
"PDHX","0.0409","0.116","0.0409","1","hsa-miR-29b-3p"
"RIOK3","0.0409","0.116","0.0409","1","hsa-miR-29b-3p"
"SCAMP5","0.0409","0.116","0.0409","1","hsa-miR-29b-3p"
"SIDT2","0.0409","0.116","0.0409","1","hsa-miR-29b-3p"
"SMARCA2","0.0409","0.116","0.0409","1","hsa-miR-29b-3p"
"SMIM12","0.0409","0.116","0.0409","1","hsa-miR-29b-3p"
"SYPL2","0.0409","0.116","0.0409","1","hsa-miR-29b-3p"
"VAMP7","0.0409","0.116","0.0409","1","hsa-miR-29b-3p"
"VPS36","0.0409","0.116","0.0409","1","hsa-miR-29b-3p"
"VPS37C","0.0409","0.116","0.0409","1","hsa-miR-29b-3p"
"WNT10B","0.0409","0.116","0.0409","1","hsa-miR-29b-3p"
"ANKRD27","0.0455","0.117","0.0455","1","hsa-miR-29b-3p"
"ATP5G3","0.0455","0.117","0.0455","1","hsa-miR-29b-3p"
"C2orf88","0.0455","0.117","0.0455","1","hsa-miR-29b-3p"
"C9orf69","0.0455","0.117","0.0455","1","hsa-miR-29b-3p"
"CALM3","0.0455","0.117","0.0455","1","hsa-miR-29b-3p"
"CCNA2","0.0455","0.117","0.0455","1","hsa-miR-29b-3p"
"COL4A1","0.0455","0.117","0.0455","1","hsa-miR-29b-3p"
"DNM3","0.0455","0.117","0.0455","1","hsa-miR-29b-3p"
"ELMO2","0.0455","0.117","0.0455","1","hsa-miR-29b-3p"
"EML4","0.0455","0.117","0.0455","1","hsa-miR-29b-3p"
"EOMES","0.0455","0.117","0.0455","1","hsa-miR-29b-3p"
"F11R","0.0455","0.117","0.0455","1","hsa-miR-29b-3p"
"FASTK","0.0455","0.117","0.0455","1","hsa-miR-29b-3p"
"FKBP4","0.0455","0.117","0.0455","1","hsa-miR-29b-3p"
"GNB4","0.0455","0.117","0.0455","1","hsa-miR-29b-3p"
"GRAP2","0.0455","0.117","0.0455","1","hsa-miR-29b-3p"
"GRM4","0.0455","0.117","0.0455","1","hsa-miR-29b-3p"
"GRPEL2","0.0455","0.117","0.0455","1","hsa-miR-29b-3p"
"KLHL9","0.0455","0.117","0.0455","1","hsa-miR-29b-3p"
"LIG3","0.0455","0.117","0.0455","1","hsa-miR-29b-3p"
"OTUB2","0.0455","0.117","0.0455","1","hsa-miR-29b-3p"
"PCDHB16","0.0455","0.117","0.0455","1","hsa-miR-29b-3p"
"PDGFC","0.0455","0.117","0.0455","1","hsa-miR-29b-3p"
"PER1","0.0455","0.117","0.0455","1","hsa-miR-29b-3p"
"PLEKHA1","0.0455","0.117","0.0455","1","hsa-miR-29b-3p"
"RAB27A","0.0455","0.117","0.0455","1","hsa-miR-29b-3p"
"RBAK","0.0455","0.117","0.0455","1","hsa-miR-29b-3p"
"RIT1","0.0455","0.117","0.0455","1","hsa-miR-29b-3p"
"SESN1","0.0455","0.117","0.0455","1","hsa-miR-29b-3p"
"SLC16A1","0.0455","0.117","0.0455","1","hsa-miR-29b-3p"
"SLC16A14","0.0455","0.117","0.0455","1","hsa-miR-29b-3p"
"SLC30A3","0.0455","0.117","0.0455","1","hsa-miR-29b-3p"
"SLCO5A1","0.0455","0.117","0.0455","1","hsa-miR-29b-3p"
"SMEK2","0.0455","0.117","0.0455","1","hsa-miR-29b-3p"
"SPARC","0.0455","0.117","0.0455","1","hsa-miR-29b-3p"
"SPSB4","0.0455","0.117","0.0455","1","hsa-miR-29b-3p"
"TMED9","0.0455","0.117","0.0455","1","hsa-miR-29b-3p"
"TRIM9","0.0455","0.117","0.0455","1","hsa-miR-29b-3p"
"TTC14","0.0455","0.117","0.0455","1","hsa-miR-29b-3p"
"UACA","0.0455","0.117","0.0455","1","hsa-miR-29b-3p"
"VHL","0.0455","0.117","0.0455","1","hsa-miR-29b-3p"
"ZBTB40","0.0455","0.117","0.0455","1","hsa-miR-29b-3p"
"ZNF469","0.0455","0.117","0.0455","1","hsa-miR-29b-3p"
"ZNF518B","0.0455","0.117","0.0455","1","hsa-miR-29b-3p"
"ANKRD13B","0.0500","0.119","0.0500","1","hsa-miR-29b-3p"
"BSDC1","0.0500","0.119","0.0500","1","hsa-miR-29b-3p"
"C4orf32","0.0500","0.119","0.0500","1","hsa-miR-29b-3p"
"CAV2","0.0500","0.119","0.0500","1","hsa-miR-29b-3p"
"CCDC85A","0.0500","0.119","0.0500","1","hsa-miR-29b-3p"
"CDC42","0.0500","0.119","0.0500","1","hsa-miR-29b-3p"
"CMPK1","0.0500","0.119","0.0500","1","hsa-miR-29b-3p"
"COL25A1","0.0500","0.119","0.0500","1","hsa-miR-29b-3p"
"COL8A1","0.0500","0.119","0.0500","1","hsa-miR-29b-3p"
"DEDD","0.0500","0.119","0.0500","1","hsa-miR-29b-3p"
"EDC3","0.0500","0.119","0.0500","1","hsa-miR-29b-3p"
"ELOVL4","0.0500","0.119","0.0500","1","hsa-miR-29b-3p"
"EPB41L4B","0.0500","0.119","0.0500","1","hsa-miR-29b-3p"
"FBRS","0.0500","0.119","0.0500","1","hsa-miR-29b-3p"
"FREM2","0.0500","0.119","0.0500","1","hsa-miR-29b-3p"
"GGA1","0.0500","0.119","0.0500","1","hsa-miR-29b-3p"
"GID8","0.0500","0.119","0.0500","1","hsa-miR-29b-3p"
"HNRNPUL1","0.0500","0.119","0.0500","1","hsa-miR-29b-3p"
"IL17RD","0.0500","0.119","0.0500","1","hsa-miR-29b-3p"
"ILDR2","0.0500","0.119","0.0500","1","hsa-miR-29b-3p"
"ITGA11","0.0500","0.119","0.0500","1","hsa-miR-29b-3p"
"KIF5B","0.0500","0.119","0.0500","1","hsa-miR-29b-3p"
"LDLRAD3","0.0500","0.119","0.0500","1","hsa-miR-29b-3p"
"LDLRAP1","0.0500","0.119","0.0500","1","hsa-miR-29b-3p"
"MED28","0.0500","0.119","0.0500","1","hsa-miR-29b-3p"
"MORF4L1","0.0500","0.119","0.0500","1","hsa-miR-29b-3p"
"N4BP2","0.0500","0.119","0.0500","1","hsa-miR-29b-3p"
"NCKAP5","0.0500","0.119","0.0500","1","hsa-miR-29b-3p"
"PAIP2","0.0500","0.119","0.0500","1","hsa-miR-29b-3p"
"PIAS4","0.0500","0.119","0.0500","1","hsa-miR-29b-3p"
"RIC3","0.0500","0.119","0.0500","1","hsa-miR-29b-3p"
"SERINC5","0.0500","0.119","0.0500","1","hsa-miR-29b-3p"
"SIX5","0.0500","0.119","0.0500","1","hsa-miR-29b-3p"
"SLC2A14","0.0500","0.119","0.0500","1","hsa-miR-29b-3p"
"SUN1","0.0500","0.119","0.0500","1","hsa-miR-29b-3p"
"SYT9","0.0500","0.119","0.0500","1","hsa-miR-29b-3p"
"TNFAIP1","0.0500","0.119","0.0500","1","hsa-miR-29b-3p"
"TRAK2","0.0500","0.119","0.0500","1","hsa-miR-29b-3p"
"VTA1","0.0500","0.119","0.0500","1","hsa-miR-29b-3p"
"WNT8B","0.0500","0.119","0.0500","1","hsa-miR-29b-3p"
"XPO5","0.0500","0.119","0.0500","1","hsa-miR-29b-3p"
"AL626787.1","0.0545","0.120","0.0545","1","hsa-miR-29b-3p"
"ALS2","0.0545","0.120","0.0545","1","hsa-miR-29b-3p"
"AP1S1","0.0545","0.120","0.0545","1","hsa-miR-29b-3p"
"ARHGAP31","0.0545","0.120","0.0545","1","hsa-miR-29b-3p"
"ARL4A","0.0545","0.120","0.0545","1","hsa-miR-29b-3p"
"ARNT","0.0545","0.120","0.0545","1","hsa-miR-29b-3p"
"ASIC1","0.0545","0.120","0.0545","1","hsa-miR-29b-3p"
"ATP1B4","0.0545","0.120","0.0545","1","hsa-miR-29b-3p"
"BICD1","0.0545","0.120","0.0545","1","hsa-miR-29b-3p"
"BVES","0.0545","0.120","0.0545","1","hsa-miR-29b-3p"
"CBX3","0.0545","0.120","0.0545","1","hsa-miR-29b-3p"
"CDC42SE1","0.0545","0.120","0.0545","1","hsa-miR-29b-3p"
"COL19A1","0.0545","0.120","0.0545","1","hsa-miR-29b-3p"
"COL1A1","0.0545","0.120","0.0545","1","hsa-miR-29b-3p"
"CPM","0.0545","0.120","0.0545","1","hsa-miR-29b-3p"
"DOLPP1","0.0545","0.120","0.0545","1","hsa-miR-29b-3p"
"DOT1L","0.0545","0.120","0.0545","1","hsa-miR-29b-3p"
"EPOR","0.0545","0.120","0.0545","1","hsa-miR-29b-3p"
"ERLIN2","0.0545","0.120","0.0545","1","hsa-miR-29b-3p"
"FEM1B","0.0545","0.120","0.0545","1","hsa-miR-29b-3p"
"FRAS1","0.0545","0.120","0.0545","1","hsa-miR-29b-3p"
"GJD2","0.0545","0.120","0.0545","1","hsa-miR-29b-3p"
"GPAM","0.0545","0.120","0.0545","1","hsa-miR-29b-3p"
"GXYLT2","0.0545","0.120","0.0545","1","hsa-miR-29b-3p"
"MAPKBP1","0.0545","0.120","0.0545","1","hsa-miR-29b-3p"
"MARCH1","0.0545","0.120","0.0545","1","hsa-miR-29b-3p"
"PI15","0.0545","0.120","0.0545","1","hsa-miR-29b-3p"
"PRELP","0.0545","0.120","0.0545","1","hsa-miR-29b-3p"
"PXDN","0.0545","0.120","0.0545","1","hsa-miR-29b-3p"
"RAPGEFL1","0.0545","0.120","0.0545","1","hsa-miR-29b-3p"
"RNF144B","0.0545","0.120","0.0545","1","hsa-miR-29b-3p"
"SDK1","0.0545","0.120","0.0545","1","hsa-miR-29b-3p"
"SH3PXD2B","0.0545","0.120","0.0545","1","hsa-miR-29b-3p"
"SLC36A1","0.0545","0.120","0.0545","1","hsa-miR-29b-3p"
"SOWAHC","0.0545","0.120","0.0545","1","hsa-miR-29b-3p"
"STT3A","0.0545","0.120","0.0545","1","hsa-miR-29b-3p"
"TDG","0.0545","0.120","0.0545","1","hsa-miR-29b-3p"
"TMEM229B","0.0545","0.120","0.0545","1","hsa-miR-29b-3p"
"TMEM86A","0.0545","0.120","0.0545","1","hsa-miR-29b-3p"
"TSC22D3","0.0545","0.120","0.0545","1","hsa-miR-29b-3p"
"USP2","0.0545","0.120","0.0545","1","hsa-miR-29b-3p"
"ZIC5","0.0545","0.120","0.0545","1","hsa-miR-29b-3p"
"ZNF362","0.0545","0.120","0.0545","1","hsa-miR-29b-3p"
"ABCE1","0.0636","0.121","0.0636","1","hsa-miR-29b-3p"
"ABHD5","0.0591","0.121","0.0591","1","hsa-miR-29b-3p"
"ADAMTS18","0.0591","0.121","0.0591","1","hsa-miR-29b-3p"
"AKAP13","0.0682","0.121","0.0682","1","hsa-miR-29b-3p"
"AKAP5","0.0636","0.121","0.0636","1","hsa-miR-29b-3p"
"AL021546.6","0.0682","0.121","0.0682","1","hsa-miR-29b-3p"
"AMMECR1L","0.0682","0.121","0.0682","1","hsa-miR-29b-3p"
"ANK1","0.0636","0.121","0.0636","1","hsa-miR-29b-3p"
"ARID1B","0.0682","0.121","0.0682","1","hsa-miR-29b-3p"
"ARRB1","0.0682","0.121","0.0682","1","hsa-miR-29b-3p"
"BAK1","0.0682","0.121","0.0682","1","hsa-miR-29b-3p"
"BEAN1","0.0591","0.121","0.0591","1","hsa-miR-29b-3p"
"C7orf60","0.0591","0.121","0.0591","1","hsa-miR-29b-3p"
"CCSER2","0.0636","0.121","0.0636","1","hsa-miR-29b-3p"
"CDK16","0.0636","0.121","0.0636","1","hsa-miR-29b-3p"
"CEP97","0.0636","0.121","0.0636","1","hsa-miR-29b-3p"
"CHIC2","0.0682","0.121","0.0682","1","hsa-miR-29b-3p"
"CLMN","0.0682","0.121","0.0682","1","hsa-miR-29b-3p"
"COL5A1","0.0636","0.121","0.0636","1","hsa-miR-29b-3p"
"CTNNBIP1","0.0636","0.121","0.0636","1","hsa-miR-29b-3p"
"DAAM2","0.0682","0.121","0.0682","1","hsa-miR-29b-3p"
"DIO2","0.0591","0.121","0.0591","1","hsa-miR-29b-3p"
"DIP2B","0.0682","0.121","0.0682","1","hsa-miR-29b-3p"
"DIRAS1","0.0591","0.121","0.0591","1","hsa-miR-29b-3p"
"EED","0.0636","0.121","0.0636","1","hsa-miR-29b-3p"
"EIF2S1","0.0636","0.121","0.0636","1","hsa-miR-29b-3p"
"EML6","0.0636","0.121","0.0636","1","hsa-miR-29b-3p"
"FAM131B","0.0682","0.121","0.0682","1","hsa-miR-29b-3p"
"FAM167A","0.0636","0.121","0.0636","1","hsa-miR-29b-3p"
"FAM65B","0.0636","0.121","0.0636","1","hsa-miR-29b-3p"
"FAM84B","0.0636","0.121","0.0636","1","hsa-miR-29b-3p"
"FBXW2","0.0636","0.121","0.0636","1","hsa-miR-29b-3p"
"FERMT2","0.0591","0.121","0.0591","1","hsa-miR-29b-3p"
"FOS","0.0682","0.121","0.0682","1","hsa-miR-29b-3p"
"FSTL1","0.0636","0.121","0.0636","1","hsa-miR-29b-3p"
"GATC","0.0682","0.121","0.0682","1","hsa-miR-29b-3p"
"GLIS2","0.0591","0.121","0.0591","1","hsa-miR-29b-3p"
"GNG12","0.0636","0.121","0.0636","1","hsa-miR-29b-3p"
"GOPC","0.0636","0.121","0.0636","1","hsa-miR-29b-3p"
"GRIP1","0.0591","0.121","0.0591","1","hsa-miR-29b-3p"
"HAS3","0.0591","0.121","0.0591","1","hsa-miR-29b-3p"
"HEY2","0.0682","0.121","0.0682","1","hsa-miR-29b-3p"
"HMGN3","0.0682","0.121","0.0682","1","hsa-miR-29b-3p"
"HNF4G","0.0591","0.121","0.0591","1","hsa-miR-29b-3p"
"HNRNPF","0.0591","0.121","0.0591","1","hsa-miR-29b-3p"
"HOXD12","0.0591","0.121","0.0591","1","hsa-miR-29b-3p"
"ING2","0.0636","0.121","0.0636","1","hsa-miR-29b-3p"
"IQCJ-SCHIP1","0.0591","0.121","0.0591","1","hsa-miR-29b-3p"
"IREB2","0.0591","0.121","0.0591","1","hsa-miR-29b-3p"
"ISL1","0.0591","0.121","0.0591","1","hsa-miR-29b-3p"
"KCTD15","0.0682","0.121","0.0682","1","hsa-miR-29b-3p"
"KCTD20","0.0636","0.121","0.0636","1","hsa-miR-29b-3p"
"KDM5C","0.0682","0.121","0.0682","1","hsa-miR-29b-3p"
"KIAA1199","0.0636","0.121","0.0636","1","hsa-miR-29b-3p"
"KIAA1644","0.0636","0.121","0.0636","1","hsa-miR-29b-3p"
"KIF5A","0.0682","0.121","0.0682","1","hsa-miR-29b-3p"
"KLHL42","0.0682","0.121","0.0682","1","hsa-miR-29b-3p"
"LIMS1","0.0682","0.121","0.0682","1","hsa-miR-29b-3p"
"LMLN","0.0682","0.121","0.0682","1","hsa-miR-29b-3p"
"LMX1A","0.0682","0.121","0.0682","1","hsa-miR-29b-3p"
"LRRC58","0.0636","0.121","0.0636","1","hsa-miR-29b-3p"
"LRRC59","0.0682","0.121","0.0682","1","hsa-miR-29b-3p"
"MAFB","0.0591","0.121","0.0591","1","hsa-miR-29b-3p"
"MANEAL","0.0636","0.121","0.0636","1","hsa-miR-29b-3p"
"MAPRE1","0.0682","0.121","0.0682","1","hsa-miR-29b-3p"
"MCMBP","0.0682","0.121","0.0682","1","hsa-miR-29b-3p"
"METAP2","0.0682","0.121","0.0682","1","hsa-miR-29b-3p"
"MFAP3","0.0591","0.121","0.0591","1","hsa-miR-29b-3p"
"MIEF1","0.0682","0.121","0.0682","1","hsa-miR-29b-3p"
"MTMR4","0.0591","0.121","0.0591","1","hsa-miR-29b-3p"
"MYO18A","0.0682","0.121","0.0682","1","hsa-miR-29b-3p"
"NANOS1","0.0682","0.121","0.0682","1","hsa-miR-29b-3p"
"NKIRAS2","0.0591","0.121","0.0591","1","hsa-miR-29b-3p"
"NOTCH2","0.0682","0.121","0.0682","1","hsa-miR-29b-3p"
"NPAS4","0.0591","0.121","0.0591","1","hsa-miR-29b-3p"
"OSBP","0.0636","0.121","0.0636","1","hsa-miR-29b-3p"
"OSBPL6","0.0682","0.121","0.0682","1","hsa-miR-29b-3p"
"PAN2","0.0591","0.121","0.0591","1","hsa-miR-29b-3p"
"PDK4","0.0591","0.121","0.0591","1","hsa-miR-29b-3p"
"PHC1","0.0636","0.121","0.0636","1","hsa-miR-29b-3p"
"PLXNA1","0.0636","0.121","0.0636","1","hsa-miR-29b-3p"
"PRR3","0.0682","0.121","0.0682","1","hsa-miR-29b-3p"
"PRRC2C","0.0591","0.121","0.0591","1","hsa-miR-29b-3p"
"PSD2","0.0636","0.121","0.0636","1","hsa-miR-29b-3p"
"PTPN1","0.0636","0.121","0.0636","1","hsa-miR-29b-3p"
"PTRH2","0.0591","0.121","0.0591","1","hsa-miR-29b-3p"
"RAB15","0.0591","0.121","0.0591","1","hsa-miR-29b-3p"
"RBMS2","0.0682","0.121","0.0682","1","hsa-miR-29b-3p"
"REL","0.0636","0.121","0.0636","1","hsa-miR-29b-3p"
"RHOBTB1","0.0682","0.121","0.0682","1","hsa-miR-29b-3p"
"RNF138","0.0591","0.121","0.0591","1","hsa-miR-29b-3p"
"RNF169","0.0682","0.121","0.0682","1","hsa-miR-29b-3p"
"SBF2","0.0591","0.121","0.0591","1","hsa-miR-29b-3p"
"SCHIP1","0.0591","0.121","0.0591","1","hsa-miR-29b-3p"
"SCML2","0.0682","0.121","0.0682","1","hsa-miR-29b-3p"
"SETD5","0.0682","0.121","0.0682","1","hsa-miR-29b-3p"
"SGK1","0.0636","0.121","0.0636","1","hsa-miR-29b-3p"
"SH3GLB1","0.0682","0.121","0.0682","1","hsa-miR-29b-3p"
"SHROOM4","0.0682","0.121","0.0682","1","hsa-miR-29b-3p"
"SLC2A3","0.0591","0.121","0.0591","1","hsa-miR-29b-3p"
"SLC30A10","0.0591","0.121","0.0591","1","hsa-miR-29b-3p"
"SLC39A13","0.0682","0.121","0.0682","1","hsa-miR-29b-3p"
"SLC6A17","0.0682","0.121","0.0682","1","hsa-miR-29b-3p"
"SLC7A6","0.0682","0.121","0.0682","1","hsa-miR-29b-3p"
"SMARCE1","0.0682","0.121","0.0682","1","hsa-miR-29b-3p"
"SMPD3","0.0636","0.121","0.0636","1","hsa-miR-29b-3p"
"SNX22","0.0591","0.121","0.0591","1","hsa-miR-29b-3p"
"SPAST","0.0591","0.121","0.0591","1","hsa-miR-29b-3p"
"STAT3","0.0636","0.121","0.0636","1","hsa-miR-29b-3p"
"STX17","0.0682","0.121","0.0682","1","hsa-miR-29b-3p"
"SUB1","0.0682","0.121","0.0682","1","hsa-miR-29b-3p"
"TANC1","0.0682","0.121","0.0682","1","hsa-miR-29b-3p"
"TIAM1","0.0682","0.121","0.0682","1","hsa-miR-29b-3p"
"TLL1","0.0682","0.121","0.0682","1","hsa-miR-29b-3p"
"TMEM255A","0.0682","0.121","0.0682","1","hsa-miR-29b-3p"
"TMOD3","0.0636","0.121","0.0636","1","hsa-miR-29b-3p"
"TMTC3","0.0682","0.121","0.0682","1","hsa-miR-29b-3p"
"TNFAIP3","0.0636","0.121","0.0636","1","hsa-miR-29b-3p"
"TRIB2","0.0682","0.121","0.0682","1","hsa-miR-29b-3p"
"TRIM24","0.0682","0.121","0.0682","1","hsa-miR-29b-3p"
"TRIM66","0.0636","0.121","0.0636","1","hsa-miR-29b-3p"
"TSPAN9","0.0682","0.121","0.0682","1","hsa-miR-29b-3p"
"UBTD2","0.0636","0.121","0.0636","1","hsa-miR-29b-3p"
"UNK","0.0591","0.121","0.0591","1","hsa-miR-29b-3p"
"USP42","0.0591","0.121","0.0591","1","hsa-miR-29b-3p"
"VASH1","0.0636","0.121","0.0636","1","hsa-miR-29b-3p"
"WBP1L","0.0591","0.121","0.0591","1","hsa-miR-29b-3p"
"XKR6","0.0636","0.121","0.0636","1","hsa-miR-29b-3p"
"XKRX","0.0591","0.121","0.0591","1","hsa-miR-29b-3p"
"YWHAE","0.0636","0.121","0.0636","1","hsa-miR-29b-3p"
"ZBTB46","0.0682","0.121","0.0682","1","hsa-miR-29b-3p"
"ZER1","0.0636","0.121","0.0636","1","hsa-miR-29b-3p"
"ZNF366","0.0682","0.121","0.0682","1","hsa-miR-29b-3p"
"ZNF512B","0.0636","0.121","0.0636","1","hsa-miR-29b-3p"
"ZNF641","0.0682","0.121","0.0682","1","hsa-miR-29b-3p"
"ADAM12","0.0727","0.122","0.0727","1","hsa-miR-29b-3p"
"AP4E1","0.0727","0.122","0.0727","1","hsa-miR-29b-3p"
"B3GALT1","0.0727","0.122","0.0727","1","hsa-miR-29b-3p"
"BBC3","0.0727","0.122","0.0727","1","hsa-miR-29b-3p"
"BMF","0.0727","0.122","0.0727","1","hsa-miR-29b-3p"
"CCNYL1","0.0727","0.122","0.0727","1","hsa-miR-29b-3p"
"CELF6","0.0727","0.122","0.0727","1","hsa-miR-29b-3p"
"DENND2C","0.0727","0.122","0.0727","1","hsa-miR-29b-3p"
"DPYSL2","0.0727","0.122","0.0727","1","hsa-miR-29b-3p"
"DTX4","0.0727","0.122","0.0727","1","hsa-miR-29b-3p"
"EIF2S2","0.0727","0.122","0.0727","1","hsa-miR-29b-3p"
"EML5","0.0727","0.122","0.0727","1","hsa-miR-29b-3p"
"EPS15","0.0727","0.122","0.0727","1","hsa-miR-29b-3p"
"ERP44","0.0727","0.122","0.0727","1","hsa-miR-29b-3p"
"FNDC5","0.0727","0.122","0.0727","1","hsa-miR-29b-3p"
"GAS7","0.0727","0.122","0.0727","1","hsa-miR-29b-3p"
"GNG2","0.0727","0.122","0.0727","1","hsa-miR-29b-3p"
"HBP1","0.0727","0.122","0.0727","1","hsa-miR-29b-3p"
"HIP1","0.0727","0.122","0.0727","1","hsa-miR-29b-3p"
"LOX","0.0727","0.122","0.0727","1","hsa-miR-29b-3p"
"MAP4K4","0.0727","0.122","0.0727","1","hsa-miR-29b-3p"
"MTMR9","0.0727","0.122","0.0727","1","hsa-miR-29b-3p"
"NAA40","0.0727","0.122","0.0727","1","hsa-miR-29b-3p"
"NAV2","0.0727","0.122","0.0727","1","hsa-miR-29b-3p"
"NHLRC2","0.0727","0.122","0.0727","1","hsa-miR-29b-3p"
"PCYT1B","0.0727","0.122","0.0727","1","hsa-miR-29b-3p"
"PDP2","0.0727","0.122","0.0727","1","hsa-miR-29b-3p"
"PPP1R15B","0.0727","0.122","0.0727","1","hsa-miR-29b-3p"
"PRMT6","0.0727","0.122","0.0727","1","hsa-miR-29b-3p"
"PXMP4","0.0727","0.122","0.0727","1","hsa-miR-29b-3p"
"REV3L","0.0727","0.122","0.0727","1","hsa-miR-29b-3p"
"RNF214","0.0727","0.122","0.0727","1","hsa-miR-29b-3p"
"RP11-192H23.4","0.0727","0.122","0.0727","1","hsa-miR-29b-3p"
"SCN3B","0.0727","0.122","0.0727","1","hsa-miR-29b-3p"
"SS18L1","0.0727","0.122","0.0727","1","hsa-miR-29b-3p"
"SYT7","0.0727","0.122","0.0727","1","hsa-miR-29b-3p"
"TADA2B","0.0727","0.122","0.0727","1","hsa-miR-29b-3p"
"TENM3","0.0727","0.122","0.0727","1","hsa-miR-29b-3p"
"TMEM127","0.0727","0.122","0.0727","1","hsa-miR-29b-3p"
"TMEM151B","0.0727","0.122","0.0727","1","hsa-miR-29b-3p"
"ZBTB47","0.0727","0.122","0.0727","1","hsa-miR-29b-3p"
"ZDHHC5","0.0727","0.122","0.0727","1","hsa-miR-29b-3p"
"ZMIZ1","0.0727","0.122","0.0727","1","hsa-miR-29b-3p"
"AHR","0.0773","0.124","0.0773","1","hsa-miR-29b-3p"
"AKAP2","0.0773","0.124","0.0773","1","hsa-miR-29b-3p"
"ARFGEF2","0.0773","0.124","0.0773","1","hsa-miR-29b-3p"
"BCORL1","0.0773","0.124","0.0773","1","hsa-miR-29b-3p"
"C5orf24","0.0773","0.124","0.0773","1","hsa-miR-29b-3p"
"CCDC117","0.0773","0.124","0.0773","1","hsa-miR-29b-3p"
"CNR1","0.0773","0.124","0.0773","1","hsa-miR-29b-3p"
"DIXDC1","0.0773","0.124","0.0773","1","hsa-miR-29b-3p"
"EMP2","0.0773","0.124","0.0773","1","hsa-miR-29b-3p"
"ERBB2IP","0.0773","0.124","0.0773","1","hsa-miR-29b-3p"
"FGD4","0.0773","0.124","0.0773","1","hsa-miR-29b-3p"
"GAB2","0.0773","0.124","0.0773","1","hsa-miR-29b-3p"
"GNS","0.0773","0.124","0.0773","1","hsa-miR-29b-3p"
"HECW1","0.0773","0.124","0.0773","1","hsa-miR-29b-3p"
"KDM6B","0.0773","0.124","0.0773","1","hsa-miR-29b-3p"
"LPPR4","0.0773","0.124","0.0773","1","hsa-miR-29b-3p"
"LSM14B","0.0773","0.124","0.0773","1","hsa-miR-29b-3p"
"MAT2A","0.0773","0.124","0.0773","1","hsa-miR-29b-3p"
"MBLAC2","0.0773","0.124","0.0773","1","hsa-miR-29b-3p"
"MYCN","0.0773","0.124","0.0773","1","hsa-miR-29b-3p"
"NREP","0.0773","0.124","0.0773","1","hsa-miR-29b-3p"
"PALM2-AKAP2","0.0773","0.124","0.0773","1","hsa-miR-29b-3p"
"RTKN2","0.0773","0.124","0.0773","1","hsa-miR-29b-3p"
"SLC16A2","0.0773","0.124","0.0773","1","hsa-miR-29b-3p"
"SLC43A2","0.0773","0.124","0.0773","1","hsa-miR-29b-3p"
"SLK","0.0773","0.124","0.0773","1","hsa-miR-29b-3p"
"SNX24","0.0773","0.124","0.0773","1","hsa-miR-29b-3p"
"SPEN","0.0773","0.124","0.0773","1","hsa-miR-29b-3p"
"SPRY4","0.0773","0.124","0.0773","1","hsa-miR-29b-3p"
"TBCEL","0.0773","0.124","0.0773","1","hsa-miR-29b-3p"
"TMEM236","0.0773","0.124","0.0773","1","hsa-miR-29b-3p"
"ZBTB5","0.0773","0.124","0.0773","1","hsa-miR-29b-3p"
"ADCYAP1R1","0.0818","0.126","0.0818","1","hsa-miR-29b-3p"
"AP1G1","0.0818","0.126","0.0818","1","hsa-miR-29b-3p"
"C11orf57","0.0818","0.126","0.0818","1","hsa-miR-29b-3p"
"CAMK4","0.0818","0.126","0.0818","1","hsa-miR-29b-3p"
"COL4A4","0.0818","0.126","0.0818","1","hsa-miR-29b-3p"
"CYTH3","0.0818","0.126","0.0818","1","hsa-miR-29b-3p"
"DNAJB14","0.0818","0.126","0.0818","1","hsa-miR-29b-3p"
"ETV6","0.0818","0.126","0.0818","1","hsa-miR-29b-3p"
"GPR85","0.0818","0.126","0.0818","1","hsa-miR-29b-3p"
"HBEGF","0.0818","0.126","0.0818","1","hsa-miR-29b-3p"
"HEYL","0.0818","0.126","0.0818","1","hsa-miR-29b-3p"
"JMY","0.0818","0.126","0.0818","1","hsa-miR-29b-3p"
"KBTBD8","0.0818","0.126","0.0818","1","hsa-miR-29b-3p"
"KIF3B","0.0818","0.126","0.0818","1","hsa-miR-29b-3p"
"LIN7A","0.0818","0.126","0.0818","1","hsa-miR-29b-3p"
"LPPR5","0.0818","0.126","0.0818","1","hsa-miR-29b-3p"
"LSM11","0.0818","0.126","0.0818","1","hsa-miR-29b-3p"
"MCL1","0.0818","0.126","0.0818","1","hsa-miR-29b-3p"
"NEBL","0.0818","0.126","0.0818","1","hsa-miR-29b-3p"
"NFATC3","0.0818","0.126","0.0818","1","hsa-miR-29b-3p"
"OSBPL3","0.0818","0.126","0.0818","1","hsa-miR-29b-3p"
"PGM3","0.0818","0.126","0.0818","1","hsa-miR-29b-3p"
"PPM1E","0.0818","0.126","0.0818","1","hsa-miR-29b-3p"
"RAB6B","0.0818","0.126","0.0818","1","hsa-miR-29b-3p"
"RCC2","0.0818","0.126","0.0818","1","hsa-miR-29b-3p"
"RERE","0.0818","0.126","0.0818","1","hsa-miR-29b-3p"
"SENP1","0.0818","0.126","0.0818","1","hsa-miR-29b-3p"
"SETD8","0.0818","0.126","0.0818","1","hsa-miR-29b-3p"
"SLC39A9","0.0818","0.126","0.0818","1","hsa-miR-29b-3p"
"SMARCC1","0.0818","0.126","0.0818","1","hsa-miR-29b-3p"
"TMEM136","0.0818","0.126","0.0818","1","hsa-miR-29b-3p"
"TNRC18","0.0818","0.126","0.0818","1","hsa-miR-29b-3p"
"VEGFA","0.0818","0.126","0.0818","1","hsa-miR-29b-3p"
"ZBTB8B","0.0818","0.126","0.0818","1","hsa-miR-29b-3p"
"ZMYM2","0.0818","0.126","0.0818","1","hsa-miR-29b-3p"
"CAPN7","0.0864","0.130","0.0864","1","hsa-miR-29b-3p"
"CRISPLD1","0.0864","0.130","0.0864","1","hsa-miR-29b-3p"
"CSRNP2","0.0864","0.130","0.0864","1","hsa-miR-29b-3p"
"CTNND1","0.0864","0.130","0.0864","1","hsa-miR-29b-3p"
"ITGA6","0.0864","0.130","0.0864","1","hsa-miR-29b-3p"
"KLF4","0.0864","0.130","0.0864","1","hsa-miR-29b-3p"
"LARP4","0.0864","0.130","0.0864","1","hsa-miR-29b-3p"
"MARCH7","0.0864","0.130","0.0864","1","hsa-miR-29b-3p"
"MEX3B","0.0864","0.130","0.0864","1","hsa-miR-29b-3p"
"MOB1B","0.0864","0.130","0.0864","1","hsa-miR-29b-3p"
"MTSS1L","0.0864","0.130","0.0864","1","hsa-miR-29b-3p"
"PITPNM3","0.0864","0.130","0.0864","1","hsa-miR-29b-3p"
"PPIP5K2","0.0864","0.130","0.0864","1","hsa-miR-29b-3p"
"PRKAB2","0.0864","0.130","0.0864","1","hsa-miR-29b-3p"
"SLC16A7","0.0864","0.130","0.0864","1","hsa-miR-29b-3p"
"U2SURP","0.0864","0.130","0.0864","1","hsa-miR-29b-3p"
"WDR26","0.0864","0.130","0.0864","1","hsa-miR-29b-3p"
"ZBTB21","0.0864","0.130","0.0864","1","hsa-miR-29b-3p"
"ZHX3","0.0864","0.130","0.0864","1","hsa-miR-29b-3p"
"C16orf87","0.0909","0.133","0.0909","1","hsa-miR-29b-3p"
"DCUN1D4","0.0909","0.133","0.0909","1","hsa-miR-29b-3p"
"DDX3Y","0.0909","0.133","0.0909","1","hsa-miR-29b-3p"
"DENND6A","0.0909","0.133","0.0909","1","hsa-miR-29b-3p"
"DPYSL5","0.0909","0.133","0.0909","1","hsa-miR-29b-3p"
"ENTPD7","0.0909","0.133","0.0909","1","hsa-miR-29b-3p"
"ERC1","0.0909","0.133","0.0909","1","hsa-miR-29b-3p"
"GPR37","0.0909","0.133","0.0909","1","hsa-miR-29b-3p"
"KIF26B","0.0909","0.133","0.0909","1","hsa-miR-29b-3p"
"KIRREL","0.0909","0.133","0.0909","1","hsa-miR-29b-3p"
"LASP1","0.0909","0.133","0.0909","1","hsa-miR-29b-3p"
"MMP24","0.0909","0.133","0.0909","1","hsa-miR-29b-3p"
"MSL1","0.0909","0.133","0.0909","1","hsa-miR-29b-3p"
"MTX3","0.0909","0.133","0.0909","1","hsa-miR-29b-3p"
"NCOA3","0.0909","0.133","0.0909","1","hsa-miR-29b-3p"
"PLEKHA8","0.0909","0.133","0.0909","1","hsa-miR-29b-3p"
"RNF141","0.0909","0.133","0.0909","1","hsa-miR-29b-3p"
"SLC10A7","0.0909","0.133","0.0909","1","hsa-miR-29b-3p"
"SLC31A1","0.0909","0.133","0.0909","1","hsa-miR-29b-3p"
"SPRY1","0.0909","0.133","0.0909","1","hsa-miR-29b-3p"
"STAG2","0.0909","0.133","0.0909","1","hsa-miR-29b-3p"
"STC1","0.0909","0.133","0.0909","1","hsa-miR-29b-3p"
"TET1","0.0909","0.133","0.0909","1","hsa-miR-29b-3p"
"TSPAN14","0.0909","0.133","0.0909","1","hsa-miR-29b-3p"
"WDFY3","0.0909","0.133","0.0909","1","hsa-miR-29b-3p"
"ARL5B","0.0955","0.135","0.0955","1","hsa-miR-29b-3p"
"ATP2B4","0.0955","0.135","0.0955","1","hsa-miR-29b-3p"
"C21orf91","0.0955","0.135","0.0955","1","hsa-miR-29b-3p"
"CALCR","0.0955","0.135","0.0955","1","hsa-miR-29b-3p"
"CAMKK2","0.0955","0.135","0.0955","1","hsa-miR-29b-3p"
"CCDC50","0.0955","0.135","0.0955","1","hsa-miR-29b-3p"
"CDC42BPA","0.0955","0.135","0.0955","1","hsa-miR-29b-3p"
"CNIH1","0.0955","0.135","0.0955","1","hsa-miR-29b-3p"
"CREB5","0.0955","0.135","0.0955","1","hsa-miR-29b-3p"
"DAB1","0.0955","0.135","0.0955","1","hsa-miR-29b-3p"
"DAB2IP","0.0955","0.135","0.0955","1","hsa-miR-29b-3p"
"DPYSL3","0.0955","0.135","0.0955","1","hsa-miR-29b-3p"
"FAM73B","0.0955","0.135","0.0955","1","hsa-miR-29b-3p"
"FBXO42","0.0955","0.135","0.0955","1","hsa-miR-29b-3p"
"FOXO3","0.0955","0.135","0.0955","1","hsa-miR-29b-3p"
"HMGCS1","0.0955","0.135","0.0955","1","hsa-miR-29b-3p"
"INSIG1","0.0955","0.135","0.0955","1","hsa-miR-29b-3p"
"KCNC2","0.0955","0.135","0.0955","1","hsa-miR-29b-3p"
"KDM5B","0.0955","0.135","0.0955","1","hsa-miR-29b-3p"
"MIB1","0.0955","0.135","0.0955","1","hsa-miR-29b-3p"
"MLXIP","0.0955","0.135","0.0955","1","hsa-miR-29b-3p"
"ONECUT1","0.0955","0.135","0.0955","1","hsa-miR-29b-3p"
"PPM1D","0.0955","0.135","0.0955","1","hsa-miR-29b-3p"
"RARB","0.0955","0.135","0.0955","1","hsa-miR-29b-3p"
"REST","0.0955","0.135","0.0955","1","hsa-miR-29b-3p"
"SNIP1","0.0955","0.135","0.0955","1","hsa-miR-29b-3p"
"SNRK","0.0955","0.135","0.0955","1","hsa-miR-29b-3p"
"SYNGAP1","0.0955","0.135","0.0955","1","hsa-miR-29b-3p"
"UBE2E3","0.0955","0.135","0.0955","1","hsa-miR-29b-3p"
"UBFD1","0.0955","0.135","0.0955","1","hsa-miR-29b-3p"
"ZDHHC21","0.0955","0.135","0.0955","1","hsa-miR-29b-3p"
"ZFYVE26","0.0955","0.135","0.0955","1","hsa-miR-29b-3p"
"AMER1","0.100","0.137","0.100","1","hsa-miR-29b-3p"
"AMOT","0.100","0.137","0.100","1","hsa-miR-29b-3p"
"ATP1B1","0.100","0.137","0.100","1","hsa-miR-29b-3p"
"BTG2","0.100","0.137","0.100","1","hsa-miR-29b-3p"
"CALU","0.100","0.137","0.100","1","hsa-miR-29b-3p"
"CHSY1","0.100","0.137","0.100","1","hsa-miR-29b-3p"
"DAAM1","0.100","0.137","0.100","1","hsa-miR-29b-3p"
"DLG2","0.100","0.137","0.100","1","hsa-miR-29b-3p"
"DRP2","0.100","0.137","0.100","1","hsa-miR-29b-3p"
"ELF2","0.100","0.137","0.100","1","hsa-miR-29b-3p"
"HDAC4","0.100","0.137","0.100","1","hsa-miR-29b-3p"
"HS3ST3B1","0.100","0.137","0.100","1","hsa-miR-29b-3p"
"JARID2","0.100","0.137","0.100","1","hsa-miR-29b-3p"
"JOSD1","0.100","0.137","0.100","1","hsa-miR-29b-3p"
"KATNBL1","0.100","0.137","0.100","1","hsa-miR-29b-3p"
"LIF","0.100","0.137","0.100","1","hsa-miR-29b-3p"
"MAPK8","0.100","0.137","0.100","1","hsa-miR-29b-3p"
"NRAS","0.100","0.137","0.100","1","hsa-miR-29b-3p"
"PIK3R3","0.100","0.137","0.100","1","hsa-miR-29b-3p"
"PITPNM2","0.100","0.137","0.100","1","hsa-miR-29b-3p"
"PPP2CA","0.100","0.137","0.100","1","hsa-miR-29b-3p"
"PTBP3","0.100","0.137","0.100","1","hsa-miR-29b-3p"
"STX16","0.100","0.137","0.100","1","hsa-miR-29b-3p"
"TTC9","0.100","0.137","0.100","1","hsa-miR-29b-3p"
"USP37","0.100","0.137","0.100","1","hsa-miR-29b-3p"
"XKR7","0.100","0.137","0.100","1","hsa-miR-29b-3p"
"XRN1","0.100","0.137","0.100","1","hsa-miR-29b-3p"
"ZBTB41","0.100","0.137","0.100","1","hsa-miR-29b-3p"
"ADAM19","0.105","0.139","0.105","1","hsa-miR-29b-3p"
"AP3M1","0.105","0.139","0.105","1","hsa-miR-29b-3p"
"DIP2C","0.105","0.139","0.105","1","hsa-miR-29b-3p"
"E2F7","0.105","0.139","0.105","1","hsa-miR-29b-3p"
"GABPB2","0.105","0.139","0.105","1","hsa-miR-29b-3p"
"HOMER1","0.105","0.139","0.105","1","hsa-miR-29b-3p"
"KIAA0355","0.105","0.139","0.105","1","hsa-miR-29b-3p"
"KLHDC10","0.105","0.139","0.105","1","hsa-miR-29b-3p"
"MAPK10","0.105","0.139","0.105","1","hsa-miR-29b-3p"
"MBTD1","0.105","0.139","0.105","1","hsa-miR-29b-3p"
"NKRF","0.105","0.139","0.105","1","hsa-miR-29b-3p"
"PCSK5","0.105","0.139","0.105","1","hsa-miR-29b-3p"
"PHACTR2","0.105","0.139","0.105","1","hsa-miR-29b-3p"
"PITPNA","0.105","0.139","0.105","1","hsa-miR-29b-3p"
"RMND5A","0.105","0.139","0.105","1","hsa-miR-29b-3p"
"SLC16A10","0.105","0.139","0.105","1","hsa-miR-29b-3p"
"SPTY2D1","0.105","0.139","0.105","1","hsa-miR-29b-3p"
"STK38L","0.105","0.139","0.105","1","hsa-miR-29b-3p"
"TGIF2","0.105","0.139","0.105","1","hsa-miR-29b-3p"
"TRAM2","0.105","0.139","0.105","1","hsa-miR-29b-3p"
"UBE2H","0.105","0.139","0.105","1","hsa-miR-29b-3p"
"VANGL1","0.105","0.139","0.105","1","hsa-miR-29b-3p"
"VASH2","0.105","0.139","0.105","1","hsa-miR-29b-3p"
"VCL","0.105","0.139","0.105","1","hsa-miR-29b-3p"
"ZFP36L1","0.105","0.139","0.105","1","hsa-miR-29b-3p"
"BCL9L","0.109","0.142","0.109","1","hsa-miR-29b-3p"
"C11orf87","0.109","0.142","0.109","1","hsa-miR-29b-3p"
"CBX6","0.109","0.142","0.109","1","hsa-miR-29b-3p"
"CNOT6","0.109","0.142","0.109","1","hsa-miR-29b-3p"
"FBN1","0.109","0.142","0.109","1","hsa-miR-29b-3p"
"FMNL3","0.109","0.142","0.109","1","hsa-miR-29b-3p"
"FOXN2","0.109","0.142","0.109","1","hsa-miR-29b-3p"
"HMGCR","0.109","0.142","0.109","1","hsa-miR-29b-3p"
"JAZF1","0.109","0.142","0.109","1","hsa-miR-29b-3p"
"JMJD1C","0.109","0.142","0.109","1","hsa-miR-29b-3p"
"KIAA1549L","0.109","0.142","0.109","1","hsa-miR-29b-3p"
"KIAA2018","0.109","0.142","0.109","1","hsa-miR-29b-3p"
"KPNB1","0.109","0.142","0.109","1","hsa-miR-29b-3p"
"MAPRE2","0.109","0.142","0.109","1","hsa-miR-29b-3p"
"PDIK1L","0.109","0.142","0.109","1","hsa-miR-29b-3p"
"PVRL1","0.109","0.142","0.109","1","hsa-miR-29b-3p"
"SIRT1","0.109","0.142","0.109","1","hsa-miR-29b-3p"
"SKI","0.109","0.142","0.109","1","hsa-miR-29b-3p"
"SMTNL2","0.109","0.142","0.109","1","hsa-miR-29b-3p"
"UCK2","0.109","0.142","0.109","1","hsa-miR-29b-3p"
"UHRF1BP1L","0.109","0.142","0.109","1","hsa-miR-29b-3p"
"WAC","0.109","0.142","0.109","1","hsa-miR-29b-3p"
"ATRN","0.114","0.143","0.114","1","hsa-miR-29b-3p"
"BAHD1","0.114","0.143","0.114","1","hsa-miR-29b-3p"
"BCL7A","0.114","0.143","0.114","1","hsa-miR-29b-3p"
"CAMK2G","0.114","0.143","0.114","1","hsa-miR-29b-3p"
"CAMSAP2","0.114","0.143","0.114","1","hsa-miR-29b-3p"
"DDX6","0.114","0.143","0.114","1","hsa-miR-29b-3p"
"DIAPH2","0.114","0.143","0.114","1","hsa-miR-29b-3p"
"DICER1","0.114","0.143","0.114","1","hsa-miR-29b-3p"
"FAM53C","0.114","0.143","0.114","1","hsa-miR-29b-3p"
"FOXN3","0.114","0.143","0.114","1","hsa-miR-29b-3p"
"GID4","0.114","0.143","0.114","1","hsa-miR-29b-3p"
"IDE","0.114","0.143","0.114","1","hsa-miR-29b-3p"
"KIAA1024","0.114","0.143","0.114","1","hsa-miR-29b-3p"
"PCDHA1","0.114","0.143","0.114","1","hsa-miR-29b-3p"
"PCDHA10","0.114","0.143","0.114","1","hsa-miR-29b-3p"
"PCDHA11","0.114","0.143","0.114","1","hsa-miR-29b-3p"
"PCDHA12","0.114","0.143","0.114","1","hsa-miR-29b-3p"
"PCDHA13","0.114","0.143","0.114","1","hsa-miR-29b-3p"
"PCDHA2","0.114","0.143","0.114","1","hsa-miR-29b-3p"
"PCDHA3","0.114","0.143","0.114","1","hsa-miR-29b-3p"
"PCDHA4","0.114","0.143","0.114","1","hsa-miR-29b-3p"
"PCDHA5","0.114","0.143","0.114","1","hsa-miR-29b-3p"
"PCDHA6","0.114","0.143","0.114","1","hsa-miR-29b-3p"
"PCDHA7","0.114","0.143","0.114","1","hsa-miR-29b-3p"
"PCDHA8","0.114","0.143","0.114","1","hsa-miR-29b-3p"
"PCDHA9","0.114","0.143","0.114","1","hsa-miR-29b-3p"
"PCDHAC1","0.114","0.143","0.114","1","hsa-miR-29b-3p"
"PCDHAC2","0.114","0.143","0.114","1","hsa-miR-29b-3p"
"RNF165","0.114","0.143","0.114","1","hsa-miR-29b-3p"
"SERBP1","0.114","0.143","0.114","1","hsa-miR-29b-3p"
"SOX12","0.114","0.143","0.114","1","hsa-miR-29b-3p"
"SRGAP2","0.114","0.143","0.114","1","hsa-miR-29b-3p"
"TGFB2","0.114","0.143","0.114","1","hsa-miR-29b-3p"
"USP6NL","0.114","0.143","0.114","1","hsa-miR-29b-3p"
"YPEL2","0.114","0.143","0.114","1","hsa-miR-29b-3p"
"AMMECR1","0.118","0.146","0.118","1","hsa-miR-29b-3p"
"ARRDC3","0.118","0.146","0.118","1","hsa-miR-29b-3p"
"ATAD2B","0.118","0.146","0.118","1","hsa-miR-29b-3p"
"DCAF12","0.118","0.146","0.118","1","hsa-miR-29b-3p"
"EFNA5","0.118","0.146","0.118","1","hsa-miR-29b-3p"
"FBXW7","0.118","0.146","0.118","1","hsa-miR-29b-3p"
"HRK","0.118","0.146","0.118","1","hsa-miR-29b-3p"
"PAQR3","0.118","0.146","0.118","1","hsa-miR-29b-3p"
"RAB3C","0.118","0.146","0.118","1","hsa-miR-29b-3p"
"RP11-766F14.2","0.118","0.146","0.118","1","hsa-miR-29b-3p"
"SAP30L","0.118","0.146","0.118","1","hsa-miR-29b-3p"
"SLITRK3","0.118","0.146","0.118","1","hsa-miR-29b-3p"
"STK35","0.118","0.146","0.118","1","hsa-miR-29b-3p"
"WASF2","0.118","0.146","0.118","1","hsa-miR-29b-3p"
"ZBTB37","0.118","0.146","0.118","1","hsa-miR-29b-3p"
"ZBTB43","0.118","0.146","0.118","1","hsa-miR-29b-3p"
"ZFX","0.118","0.146","0.118","1","hsa-miR-29b-3p"
"ATG14","0.123","0.149","0.123","1","hsa-miR-29b-3p"
"C1orf21","0.123","0.149","0.123","1","hsa-miR-29b-3p"
"CEP41","0.123","0.149","0.123","1","hsa-miR-29b-3p"
"EIF3J","0.123","0.149","0.123","1","hsa-miR-29b-3p"
"FBXL20","0.123","0.149","0.123","1","hsa-miR-29b-3p"
"FRMD4A","0.123","0.149","0.123","1","hsa-miR-29b-3p"
"KIAA1432","0.123","0.149","0.123","1","hsa-miR-29b-3p"
"LPGAT1","0.123","0.149","0.123","1","hsa-miR-29b-3p"
"MAFG","0.123","0.149","0.123","1","hsa-miR-29b-3p"
"PIK3R1","0.123","0.149","0.123","1","hsa-miR-29b-3p"
"PRPF40A","0.123","0.149","0.123","1","hsa-miR-29b-3p"
"ROBO1","0.123","0.149","0.123","1","hsa-miR-29b-3p"
"SLC24A4","0.123","0.149","0.123","1","hsa-miR-29b-3p"
"TMEM65","0.123","0.149","0.123","1","hsa-miR-29b-3p"
"ZNF532","0.123","0.149","0.123","1","hsa-miR-29b-3p"
"ANTXR2","0.127","0.152","0.127","1","hsa-miR-29b-3p"
"ASXL3","0.127","0.152","0.127","1","hsa-miR-29b-3p"
"CAMK1D","0.127","0.152","0.127","1","hsa-miR-29b-3p"
"CEP85L","0.127","0.152","0.127","1","hsa-miR-29b-3p"
"CYB561D1","0.127","0.152","0.127","1","hsa-miR-29b-3p"
"DCUN1D5","0.127","0.152","0.127","1","hsa-miR-29b-3p"
"DNAL1","0.127","0.152","0.127","1","hsa-miR-29b-3p"
"GLIS3","0.127","0.152","0.127","1","hsa-miR-29b-3p"
"GRAMD1B","0.127","0.152","0.127","1","hsa-miR-29b-3p"
"KCNC3","0.127","0.152","0.127","1","hsa-miR-29b-3p"
"KLHL28","0.127","0.152","0.127","1","hsa-miR-29b-3p"
"MGA","0.127","0.152","0.127","1","hsa-miR-29b-3p"
"NAV1","0.127","0.152","0.127","1","hsa-miR-29b-3p"
"PEAK1","0.127","0.152","0.127","1","hsa-miR-29b-3p"
"PRICKLE2","0.127","0.152","0.127","1","hsa-miR-29b-3p"
"RALGPS1","0.127","0.152","0.127","1","hsa-miR-29b-3p"
"RFX7","0.127","0.152","0.127","1","hsa-miR-29b-3p"
"SGMS2","0.127","0.152","0.127","1","hsa-miR-29b-3p"
"SUV420H1","0.127","0.152","0.127","1","hsa-miR-29b-3p"
"UBXN7","0.127","0.152","0.127","1","hsa-miR-29b-3p"
"USP31","0.127","0.152","0.127","1","hsa-miR-29b-3p"
"VAPB","0.127","0.152","0.127","1","hsa-miR-29b-3p"
"BACE1","0.132","0.155","0.132","1","hsa-miR-29b-3p"
"CCDC88A","0.132","0.155","0.132","1","hsa-miR-29b-3p"
"DCAF7","0.132","0.155","0.132","1","hsa-miR-29b-3p"
"GMEB1","0.132","0.155","0.132","1","hsa-miR-29b-3p"
"GNA13","0.132","0.155","0.132","1","hsa-miR-29b-3p"
"GPCPD1","0.132","0.155","0.132","1","hsa-miR-29b-3p"
"HAS2","0.132","0.155","0.132","1","hsa-miR-29b-3p"
"LAMC1","0.132","0.155","0.132","1","hsa-miR-29b-3p"
"PCGF3","0.132","0.155","0.132","1","hsa-miR-29b-3p"
"PHLPP2","0.132","0.155","0.132","1","hsa-miR-29b-3p"
"PLXDC2","0.132","0.155","0.132","1","hsa-miR-29b-3p"
"PRKG1","0.132","0.155","0.132","1","hsa-miR-29b-3p"
"SCAI","0.132","0.155","0.132","1","hsa-miR-29b-3p"
"SYT2","0.132","0.155","0.132","1","hsa-miR-29b-3p"
"TMEM33","0.132","0.155","0.132","1","hsa-miR-29b-3p"
"TP53INP2","0.132","0.155","0.132","1","hsa-miR-29b-3p"
"DENND5B","0.136","0.158","0.136","1","hsa-miR-29b-3p"
"EXT1","0.136","0.158","0.136","1","hsa-miR-29b-3p"
"HAPLN1","0.136","0.158","0.136","1","hsa-miR-29b-3p"
"IRS1","0.136","0.158","0.136","1","hsa-miR-29b-3p"
"NAV3","0.136","0.158","0.136","1","hsa-miR-29b-3p"
"NDST1","0.136","0.158","0.136","1","hsa-miR-29b-3p"
"PAG1","0.136","0.158","0.136","1","hsa-miR-29b-3p"
"RAB30","0.136","0.158","0.136","1","hsa-miR-29b-3p"
"RCOR1","0.136","0.158","0.136","1","hsa-miR-29b-3p"
"REPS2","0.136","0.158","0.136","1","hsa-miR-29b-3p"
"RNF217","0.136","0.158","0.136","1","hsa-miR-29b-3p"
"VPS13B","0.136","0.158","0.136","1","hsa-miR-29b-3p"
"ACVR2A","0.141","0.162","0.141","1","hsa-miR-29b-3p"
"ARMC8","0.141","0.162","0.141","1","hsa-miR-29b-3p"
"ARPP19","0.141","0.162","0.141","1","hsa-miR-29b-3p"
"BTBD7","0.141","0.162","0.141","1","hsa-miR-29b-3p"
"C16orf72","0.141","0.162","0.141","1","hsa-miR-29b-3p"
"MAP2K6","0.141","0.162","0.141","1","hsa-miR-29b-3p"
"PIK3CB","0.141","0.162","0.141","1","hsa-miR-29b-3p"
"PTP4A1","0.141","0.162","0.141","1","hsa-miR-29b-3p"
"RNF152","0.141","0.162","0.141","1","hsa-miR-29b-3p"
"SMURF2","0.141","0.162","0.141","1","hsa-miR-29b-3p"
"TP53INP1","0.141","0.162","0.141","1","hsa-miR-29b-3p"
"XPO4","0.141","0.162","0.141","1","hsa-miR-29b-3p"
"EPB41L1","0.145","0.165","0.145","1","hsa-miR-29b-3p"
"FAM168B","0.145","0.165","0.145","1","hsa-miR-29b-3p"
"GAB1","0.145","0.165","0.145","1","hsa-miR-29b-3p"
"GSK3B","0.145","0.165","0.145","1","hsa-miR-29b-3p"
"HELZ","0.145","0.165","0.145","1","hsa-miR-29b-3p"
"IFFO2","0.145","0.165","0.145","1","hsa-miR-29b-3p"
"KIAA1549","0.145","0.165","0.145","1","hsa-miR-29b-3p"
"LNPEP","0.145","0.165","0.145","1","hsa-miR-29b-3p"
"NFIX","0.145","0.165","0.145","1","hsa-miR-29b-3p"
"NUCKS1","0.145","0.165","0.145","1","hsa-miR-29b-3p"
"PALM2","0.145","0.165","0.145","1","hsa-miR-29b-3p"
"PAPOLG","0.145","0.165","0.145","1","hsa-miR-29b-3p"
"PEG10","0.145","0.165","0.145","1","hsa-miR-29b-3p"
"RNF150","0.145","0.165","0.145","1","hsa-miR-29b-3p"
"ZFP91","0.145","0.165","0.145","1","hsa-miR-29b-3p"
"ZNF609","0.145","0.165","0.145","1","hsa-miR-29b-3p"
"ELAVL4","0.150","0.168","0.150","1","hsa-miR-29b-3p"
"FAM83F","0.150","0.168","0.150","1","hsa-miR-29b-3p"
"FAXC","0.150","0.168","0.150","1","hsa-miR-29b-3p"
"HLF","0.150","0.168","0.150","1","hsa-miR-29b-3p"
"KDM2A","0.150","0.168","0.150","1","hsa-miR-29b-3p"
"LRP6","0.150","0.168","0.150","1","hsa-miR-29b-3p"
"MXD1","0.150","0.168","0.150","1","hsa-miR-29b-3p"
"NSD1","0.150","0.168","0.150","1","hsa-miR-29b-3p"
"PIK3CA","0.150","0.168","0.150","1","hsa-miR-29b-3p"
"SAMD4A","0.150","0.168","0.150","1","hsa-miR-29b-3p"
"SOCS7","0.150","0.168","0.150","1","hsa-miR-29b-3p"
"TACC1","0.150","0.168","0.150","1","hsa-miR-29b-3p"
"ANK3","0.155","0.172","0.155","1","hsa-miR-29b-3p"
"BCL2L2","0.155","0.172","0.155","1","hsa-miR-29b-3p"
"CCNJ","0.155","0.172","0.155","1","hsa-miR-29b-3p"
"DLGAP2","0.155","0.172","0.155","1","hsa-miR-29b-3p"
"EPC1","0.155","0.172","0.155","1","hsa-miR-29b-3p"
"FZD5","0.155","0.172","0.155","1","hsa-miR-29b-3p"
"PHF21A","0.155","0.172","0.155","1","hsa-miR-29b-3p"
"PPP1R9A","0.155","0.172","0.155","1","hsa-miR-29b-3p"
"PRR14L","0.155","0.172","0.155","1","hsa-miR-29b-3p"
"TET2","0.155","0.172","0.155","1","hsa-miR-29b-3p"
"TRAF3","0.155","0.172","0.155","1","hsa-miR-29b-3p"
"BRWD1","0.159","0.176","0.159","1","hsa-miR-29b-3p"
"ELMSAN1","0.159","0.176","0.159","1","hsa-miR-29b-3p"
"HSPA4L","0.159","0.176","0.159","1","hsa-miR-29b-3p"
"INO80D","0.159","0.176","0.159","1","hsa-miR-29b-3p"
"UBE2K","0.159","0.176","0.159","1","hsa-miR-29b-3p"
"WDR37","0.159","0.176","0.159","1","hsa-miR-29b-3p"
"CACNA1C","0.164","0.180","0.164","1","hsa-miR-29b-3p"
"CACUL1","0.164","0.180","0.164","1","hsa-miR-29b-3p"
"IGF1","0.164","0.180","0.164","1","hsa-miR-29b-3p"
"NFIC","0.164","0.180","0.164","1","hsa-miR-29b-3p"
"PPARGC1A","0.164","0.180","0.164","1","hsa-miR-29b-3p"
"THRA","0.164","0.180","0.164","1","hsa-miR-29b-3p"
"YY1","0.164","0.180","0.164","1","hsa-miR-29b-3p"
"APC","0.168","0.183","0.168","1","hsa-miR-29b-3p"
"ATP2B2","0.168","0.183","0.168","1","hsa-miR-29b-3p"
"DCX","0.168","0.183","0.168","1","hsa-miR-29b-3p"
"EIF4E3","0.168","0.183","0.168","1","hsa-miR-29b-3p"
"HOOK3","0.168","0.183","0.168","1","hsa-miR-29b-3p"
"KCNK10","0.168","0.183","0.168","1","hsa-miR-29b-3p"
"MED12L","0.168","0.183","0.168","1","hsa-miR-29b-3p"
"MIER3","0.168","0.183","0.168","1","hsa-miR-29b-3p"
"MXI1","0.168","0.183","0.168","1","hsa-miR-29b-3p"
"PLAG1","0.168","0.183","0.168","1","hsa-miR-29b-3p"
"ZNF24","0.168","0.183","0.168","1","hsa-miR-29b-3p"
"ANKRD13C","0.173","0.187","0.173","1","hsa-miR-29b-3p"
"C11orf30","0.173","0.187","0.173","1","hsa-miR-29b-3p"
"CLCN5","0.173","0.187","0.173","1","hsa-miR-29b-3p"
"GABRB1","0.173","0.187","0.173","1","hsa-miR-29b-3p"
"PDE3A","0.173","0.187","0.173","1","hsa-miR-29b-3p"
"RBFOX2","0.173","0.187","0.173","1","hsa-miR-29b-3p"
"STRN3","0.173","0.187","0.173","1","hsa-miR-29b-3p"
"ADAMTS5","0.177","0.190","0.177","1","hsa-miR-29b-3p"
"AKT3","0.177","0.190","0.177","1","hsa-miR-29b-3p"
"C20orf112","0.177","0.190","0.177","1","hsa-miR-29b-3p"
"GMFB","0.177","0.190","0.177","1","hsa-miR-29b-3p"
"KIAA2022","0.177","0.190","0.177","1","hsa-miR-29b-3p"
"LARP4B","0.177","0.190","0.177","1","hsa-miR-29b-3p"
"NPAS3","0.177","0.190","0.177","1","hsa-miR-29b-3p"
"RAP1A","0.177","0.190","0.177","1","hsa-miR-29b-3p"
"USP15","0.177","0.190","0.177","1","hsa-miR-29b-3p"
"BACH2","0.182","0.194","0.182","1","hsa-miR-29b-3p"
"DCP2","0.182","0.194","0.182","1","hsa-miR-29b-3p"
"MBD5","0.182","0.194","0.182","1","hsa-miR-29b-3p"
"PCDH17","0.182","0.194","0.182","1","hsa-miR-29b-3p"
"PLEKHA3","0.182","0.194","0.182","1","hsa-miR-29b-3p"
"PTPN4","0.182","0.194","0.182","1","hsa-miR-29b-3p"
"PTPRD","0.182","0.194","0.182","1","hsa-miR-29b-3p"
"SESTD1","0.182","0.194","0.182","1","hsa-miR-29b-3p"
"AFF4","0.186","0.197","0.186","1","hsa-miR-29b-3p"
"BCL11B","0.186","0.197","0.186","1","hsa-miR-29b-3p"
"FBXO28","0.186","0.197","0.186","1","hsa-miR-29b-3p"
"FZD4","0.186","0.197","0.186","1","hsa-miR-29b-3p"
"G3BP1","0.186","0.197","0.186","1","hsa-miR-29b-3p"
"IGF2BP1","0.186","0.197","0.186","1","hsa-miR-29b-3p"
"KCNJ6","0.186","0.197","0.186","1","hsa-miR-29b-3p"
"KPNA1","0.186","0.197","0.186","1","hsa-miR-29b-3p"
"LDLRAD4","0.186","0.197","0.186","1","hsa-miR-29b-3p"
"NEGR1","0.186","0.197","0.186","1","hsa-miR-29b-3p"
"BRWD3","0.191","0.200","0.191","1","hsa-miR-29b-3p"
"CDK6","0.191","0.200","0.191","1","hsa-miR-29b-3p"
"CNNM2","0.191","0.200","0.191","1","hsa-miR-29b-3p"
"DDX3X","0.191","0.200","0.191","1","hsa-miR-29b-3p"
"GRIN2B","0.191","0.200","0.191","1","hsa-miR-29b-3p"
"SNTB2","0.191","0.200","0.191","1","hsa-miR-29b-3p"
"XKR4","0.191","0.200","0.191","1","hsa-miR-29b-3p"
"CCND2","0.195","0.205","0.195","1","hsa-miR-29b-3p"
"KDM5A","0.195","0.205","0.195","1","hsa-miR-29b-3p"
"PURA","0.195","0.205","0.195","1","hsa-miR-29b-3p"
"RASAL2","0.195","0.205","0.195","1","hsa-miR-29b-3p"
"FOXP1","0.200","0.208","0.200","1","hsa-miR-29b-3p"
"PLXNC1","0.200","0.208","0.200","1","hsa-miR-29b-3p"
"RLIM","0.200","0.208","0.200","1","hsa-miR-29b-3p"
"SYNCRIP","0.200","0.208","0.200","1","hsa-miR-29b-3p"
"ZBTB34","0.200","0.208","0.200","1","hsa-miR-29b-3p"
"TMEM178B","0.205","0.213","0.205","1","hsa-miR-29b-3p"
"ANKFY1","0.209","0.217","0.209","1","hsa-miR-29b-3p"
"CPEB3","0.209","0.217","0.209","1","hsa-miR-29b-3p"
"DDI2","0.209","0.217","0.209","1","hsa-miR-29b-3p"
"DNMT3A","0.209","0.217","0.209","1","hsa-miR-29b-3p"
"FAM126B","0.209","0.217","0.209","1","hsa-miR-29b-3p"
"CCNT2","0.214","0.221","0.214","1","hsa-miR-29b-3p"
"OTUD4","0.214","0.221","0.214","1","hsa-miR-29b-3p"
"FIGN","0.218","0.225","0.218","1","hsa-miR-29b-3p"
"SH3PXD2A","0.218","0.225","0.218","1","hsa-miR-29b-3p"
"CFL2","0.223","0.230","0.223","1","hsa-miR-29b-3p"
"DGKH","0.223","0.230","0.223","1","hsa-miR-29b-3p"
"ENAH","0.223","0.230","0.223","1","hsa-miR-29b-3p"
"ATXN1","0.227","0.234","0.227","1","hsa-miR-29b-3p"
"FRS2","0.227","0.234","0.227","1","hsa-miR-29b-3p"
"KLF12","0.227","0.234","0.227","1","hsa-miR-29b-3p"
"MMP16","0.227","0.234","0.227","1","hsa-miR-29b-3p"
"MAP3K2","0.232","0.238","0.232","1","hsa-miR-29b-3p"
"RPS6KA3","0.232","0.238","0.232","1","hsa-miR-29b-3p"
"GTDC1","0.241","0.247","0.241","1","hsa-miR-29b-3p"
"SP1","0.241","0.247","0.241","1","hsa-miR-29b-3p"
"TCF4","0.241","0.247","0.241","1","hsa-miR-29b-3p"
"PTEN","0.245","0.251","0.245","1","hsa-miR-29b-3p"
"SRSF10","0.245","0.251","0.245","1","hsa-miR-29b-3p"
"CAND1","0.250","0.255","0.250","1","hsa-miR-29b-3p"
"GAN","0.250","0.255","0.250","1","hsa-miR-29b-3p"
"SOX6","0.250","0.255","0.250","1","hsa-miR-29b-3p"
"ZNF704","0.250","0.255","0.250","1","hsa-miR-29b-3p"
"KPNA4","0.255","0.259","0.255","1","hsa-miR-29b-3p"
"RORA","0.255","0.259","0.255","1","hsa-miR-29b-3p"
"NFAT5","0.259","0.263","0.259","1","hsa-miR-29b-3p"
"PDE7A","0.259","0.263","0.259","1","hsa-miR-29b-3p"
"STRN","0.264","0.267","0.264","1","hsa-miR-29b-3p"
"TNRC6B","0.264","0.267","0.264","1","hsa-miR-29b-3p"
"TET3","0.268","0.272","0.268","1","hsa-miR-29b-3p"
"ZBTB10","0.273","0.276","0.273","1","hsa-miR-29b-3p"
"RYBP","0.277","0.280","0.277","1","hsa-miR-29b-3p"
"CBX5","0.282","0.284","0.282","1","hsa-miR-29b-3p"
"ONECUT2","0.282","0.284","0.282","1","hsa-miR-29b-3p"
"QKI","0.282","0.284","0.282","1","hsa-miR-29b-3p"
"RUNX1T1","0.282","0.284","0.282","1","hsa-miR-29b-3p"
"UBN2","0.282","0.284","0.282","1","hsa-miR-29b-3p"
"CELF2","0.286","0.288","0.286","1","hsa-miR-29b-3p"
"CTDSPL2","0.286","0.288","0.286","1","hsa-miR-29b-3p"
"NFIA","0.286","0.288","0.286","1","hsa-miR-29b-3p"
"AGO3","0.291","0.292","0.291","1","hsa-miR-29b-3p"
"AGO1","0.341","0.341","0.341","1","hsa-miR-29b-3p"
"NFIB","0.341","0.341","0.341","1","hsa-miR-29b-3p"
"NUFIP2","0.341","0.341","0.341","1","hsa-miR-29b-3p"
"ANKRD52","0.350","0.350","0.350","1","hsa-miR-29b-3p"
"ZBTB20","0.477","0.477","0.477","1","hsa-miR-29b-3p"